chargeoff_id,account_id,partner_program_code,credit_tier,chargeoff_date,chargeoff_reason,balance_at_chargeoff,months_on_book_at_co,bureau_score_at_co,recovery_amount_1,recovery_date_1,recovery_channel_1,recovery_amount_2,recovery_date_2,recovery_channel_2,recovery_amount_3,recovery_date_3,recovery_channel_3,total_recovered,net_loss,recovery_rate
CO0000001,ACC0000008,SYF_CARECREDIT,Prime,2023-08-01,settlement,3082.12,22,583,107.06,2025-04-22,third_party_agency,455.39,2024-07-26,third_party_agency,,,,562.45,2519.67,0.1825
CO0000002,ACC0000011,SYF_LOWES,Nearprime,2024-12-01,fraud,879.02,41,576,118.15,2025-06-29,internal_collections,,,,,,,118.15,760.87,0.1344
CO0000003,ACC0000028,SYF_ASHLEY,Prime,2022-10-01,nonpayment,2548.79,17,549,152.3,2023-11-25,third_party_agency,332.98,2023-02-28,legal,,,,485.28,2063.51,0.1904
CO0000004,ACC0000038,SYF_PAYPAL,Nearprime,2024-10-01,bankruptcy,381.88,25,583,91.11,2025-08-27,legal,,,,,,,91.11,290.77,0.2386
CO0000005,ACC0000039,SYF_BPGASCAR,Subprime,2024-02-01,fraud,585.0,18,413,120.81,2024-09-28,legal,122.22,2025-10-23,legal,,,,243.03,341.97,0.4154
CO0000006,ACC0000056,SYF_SAMSCLUB,Nearprime,2024-06-01,nonpayment,874.29,32,451,75.37,2025-12-23,debt_sale,140.83,2025-07-26,self_cure,,,,216.2,658.09,0.2473
CO0000007,ACC0000063,SYF_ASHLEY,Nearprime,2024-02-01,fraud,3519.75,13,474,276.02,2024-10-28,legal,853.13,2025-10-23,debt_sale,306.82,2024-10-28,internal_collections,1435.97,2083.78,0.408
CO0000008,ACC0000064,SYF_WALMART,Nearprime,2022-12-01,bankruptcy,255.83,16,544,10.96,2024-05-24,legal,40.91,2023-09-27,self_cure,24.47,2023-09-27,third_party_agency,76.34,179.49,0.2984
CO0000009,ACC0000071,SYF_SAMSCLUB,Subprime,2024-04-01,fraud,664.9,15,469,,,,,,,,,,0.0,664.9,0.0
CO0000010,ACC0000075,SYF_SAMSCLUB,Subprime,2023-01-01,nonpayment,902.5,17,473,,,,,,,,,,0.0,902.5,0.0
CO0000011,ACC0000080,SYF_SAMSCLUB,Subprime,2024-03-01,bankruptcy,534.87,36,438,94.07,2025-03-26,internal_collections,11.17,2024-09-27,internal_collections,94.2,2024-08-28,debt_sale,199.44,335.43,0.3729
CO0000012,ACC0000081,SYF_ROOMS2GO,Nearprime,2022-12-01,fraud,1235.0,19,551,113.83,2023-11-26,internal_collections,284.03,2023-05-30,self_cure,,,,397.86,837.14,0.3222
CO0000013,ACC0000085,SYF_PAYPAL,Subprime,2024-08-01,deceased,278.68,4,456,65.56,2024-12-29,third_party_agency,,,,,,,65.56,213.12,0.2353
CO0000014,ACC0000088,SYF_CARECREDIT,Subprime,2023-07-01,settlement,1026.0,15,481,156.73,2024-01-27,third_party_agency,,,,,,,156.73,869.27,0.1528
CO0000015,ACC0000106,SYF_ROOMS2GO,Subprime,2024-07-01,fraud,475.0,17,460,20.21,2025-11-23,internal_collections,67.52,2025-09-24,legal,,,,87.73,387.27,0.1847
CO0000016,ACC0000107,SYF_SAMSCLUB,Subprime,2022-12-01,fraud,700.7,16,416,15.89,2024-09-21,self_cure,,,,,,,15.89,684.81,0.0227
CO0000017,ACC0000110,SYF_SAMSCLUB,Nearprime,2022-05-01,fraud,764.27,15,489,125.24,2024-03-21,third_party_agency,150.84,2023-04-26,third_party_agency,57.91,2022-10-28,debt_sale,333.99,430.28,0.437
CO0000018,ACC0000118,SYF_PAYPAL,Subprime,2022-08-01,bankruptcy,380.46,16,437,26.5,2023-08-26,internal_collections,29.94,2023-06-27,legal,,,,56.44,324.02,0.1483
CO0000019,ACC0000122,SYF_PAYPAL,Prime,2024-02-01,fraud,844.04,12,673,,,,,,,,,,0.0,844.04,0.0
CO0000020,ACC0000125,SYF_LOWES,Nearprime,2023-03-01,fraud,1575.95,23,599,335.05,2023-07-29,internal_collections,365.37,2023-06-29,debt_sale,316.54,2024-03-25,internal_collections,1016.96,558.99,0.6453
CO0000021,ACC0000127,SYF_PAYPAL,Prime,2023-05-01,bankruptcy,211.29,11,626,52.6,2024-12-21,internal_collections,,,,,,,52.6,158.69,0.2489
CO0000022,ACC0000129,SYF_ASHLEY,Subprime,2023-10-01,bankruptcy,745.12,8,485,116.06,2024-05-28,debt_sale,144.81,2024-06-27,legal,39.53,2025-02-22,internal_collections,300.4,444.72,0.4032
CO0000023,ACC0000134,SYF_GUITARCTR,Subprime,2024-06-01,bankruptcy,475.0,22,459,,,,,,,,,,0.0,475.0,0.0
CO0000024,ACC0000136,SYF_ROOMS2GO,Nearprime,2024-12-01,settlement,1330.0,37,520,,,,,,,,,,0.0,1330.0,0.0
CO0000025,ACC0000163,SYF_GUITARCTR,Prime,2024-07-01,settlement,2477.54,13,694,538.47,2025-07-26,third_party_agency,,,,,,,538.47,1939.07,0.2173
CO0000026,ACC0000169,SYF_AMAZON,Prime,2024-11-01,deceased,295.44,43,607,,,,,,,,,,0.0,295.44,0.0
CO0000027,ACC0000176,SYF_SAMSCLUB,Nearprime,2024-04-01,fraud,1020.28,28,486,,,,,,,,,,0.0,1020.28,0.0
CO0000028,ACC0000180,SYF_ROOMS2GO,Nearprime,2023-02-01,fraud,2034.23,25,482,442.87,2023-07-31,legal,,,,,,,442.87,1591.36,0.2177
CO0000029,ACC0000190,SYF_GUITARCTR,Subprime,2024-04-01,deceased,473.29,14,480,111.16,2024-05-31,internal_collections,,,,,,,111.16,362.13,0.2349
CO0000030,ACC0000192,SYF_BPGASCAR,Prime,2024-07-01,nonpayment,275.85,19,615,22.05,2025-08-25,legal,32.51,2024-08-30,third_party_agency,55.41,2024-08-30,self_cure,109.97,165.88,0.3987
CO0000031,ACC0000197,SYF_LOWES,Nearprime,2024-11-01,fraud,1232.68,10,508,,,,,,,,,,0.0,1232.68,0.0
CO0000032,ACC0000204,SYF_PAYPAL,Nearprime,2023-08-01,settlement,560.88,26,579,62.94,2024-04-27,self_cure,30.31,2024-05-27,self_cure,69.6,2023-12-29,third_party_agency,162.85,398.03,0.2903
CO0000033,ACC0000207,SYF_BPGASCAR,Nearprime,2023-07-01,deceased,316.55,30,505,17.75,2025-04-21,legal,69.81,2024-12-22,self_cure,34.74,2025-03-22,debt_sale,122.3,194.25,0.3864
CO0000034,ACC0000215,SYF_BPGASCAR,Subprime,2024-10-01,deceased,238.38,18,432,24.64,2025-05-29,third_party_agency,51.61,2025-02-28,self_cure,39.88,2025-09-26,self_cure,116.13,122.25,0.4872
CO0000035,ACC0000220,SYF_GUITARCTR,Nearprime,2024-04-01,nonpayment,1462.05,29,493,331.07,2024-09-28,third_party_agency,88.21,2024-07-30,legal,,,,419.28,1042.77,0.2868
CO0000036,ACC0000223,SYF_BPGASCAR,Nearprime,2024-03-01,bankruptcy,543.21,24,556,68.73,2025-02-24,debt_sale,112.19,2025-08-23,third_party_agency,70.65,2024-04-30,debt_sale,251.57,291.64,0.4631
CO0000037,ACC0000227,SYF_ROOMS2GO,Subprime,2022-02-01,bankruptcy,1303.4,9,493,,,,,,,,,,0.0,1303.4,0.0
CO0000038,ACC0000231,SYF_ASHLEY,Nearprime,2023-09-01,fraud,2280.62,24,565,,,,,,,,,,0.0,2280.62,0.0
CO0000039,ACC0000244,SYF_AMAZON,Subprime,2023-11-01,nonpayment,637.79,18,430,77.22,2024-05-29,debt_sale,92.37,2024-06-28,debt_sale,140.7,2024-05-29,self_cure,310.29,327.5,0.4865
CO0000040,ACC0000267,SYF_GUITARCTR,Prime,2024-07-01,bankruptcy,834.21,18,618,16.8,2025-09-24,legal,166.07,2024-10-29,debt_sale,120.03,2025-05-27,debt_sale,302.9,531.31,0.3631
CO0000041,ACC0000273,SYF_ROOMS2GO,Nearprime,2022-08-01,bankruptcy,3610.0,12,566,805.74,2023-05-28,self_cure,545.73,2023-12-24,debt_sale,701.6,2024-06-21,self_cure,2053.07,1556.93,0.5687
CO0000042,ACC0000286,SYF_PAYPAL,Nearprime,2022-12-01,deceased,159.57,6,516,15.03,2024-04-24,legal,30.3,2024-03-25,legal,17.37,2022-12-31,legal,62.7,96.87,0.3929
CO0000043,ACC0000296,SYF_BPGASCAR,Nearprime,2024-04-01,deceased,286.42,25,580,21.88,2025-08-24,self_cure,,,,,,,21.88,264.54,0.0764
CO0000044,ACC0000301,SYF_GUITARCTR,Nearprime,2023-10-01,bankruptcy,1262.49,15,572,75.82,2024-09-25,debt_sale,,,,,,,75.82,1186.67,0.0601
CO0000045,ACC0000311,SYF_SAMSCLUB,Nearprime,2024-08-01,settlement,553.63,7,498,109.13,2025-03-29,third_party_agency,59.85,2024-09-30,third_party_agency,,,,168.98,384.65,0.3052
CO0000046,ACC0000316,SYF_CARECREDIT,Subprime,2023-01-01,bankruptcy,651.7,9,516,15.6,2023-09-28,third_party_agency,,,,,,,15.6,636.1,0.0239
CO0000047,ACC0000375,SYF_WALMART,Subprime,2023-10-01,settlement,82.18,16,542,,,,,,,,,,0.0,82.18,0.0
CO0000048,ACC0000388,SYF_CARECREDIT,Nearprime,2022-06-01,settlement,1581.85,10,481,309.32,2022-08-30,legal,303.68,2023-04-27,third_party_agency,316.24,2023-05-27,self_cure,929.24,652.61,0.5874
CO0000049,ACC0000396,SYF_AMAZON,Subprime,2023-02-01,settlement,683.99,12,449,63.01,2024-07-25,debt_sale,26.9,2024-08-24,third_party_agency,,,,89.91,594.08,0.1314
CO0000050,ACC0000405,SYF_ROOMS2GO,Nearprime,2024-04-01,deceased,1325.11,20,582,95.9,2025-12-22,legal,,,,,,,95.9,1229.21,0.0724
CO0000051,ACC0000407,SYF_LOWES,Subprime,2023-01-01,settlement,598.5,15,433,79.47,2024-04-25,legal,,,,,,,79.47,519.03,0.1328
CO0000052,ACC0000408,SYF_GUITARCTR,Subprime,2023-09-01,fraud,1066.65,22,465,264.53,2024-03-29,debt_sale,193.42,2024-03-29,debt_sale,,,,457.95,608.7,0.4293
CO0000053,ACC0000420,SYF_ROOMS2GO,Subprime,2023-05-01,fraud,934.99,12,495,128.35,2025-01-20,legal,166.15,2024-11-21,self_cure,141.93,2023-07-30,third_party_agency,436.43,498.56,0.4668
CO0000054,ACC0000423,SYF_PAYPAL,Nearprime,2023-10-01,settlement,457.01,20,535,,,,,,,,,,0.0,457.01,0.0
CO0000055,ACC0000428,SYF_GUITARCTR,Subprime,2022-10-01,deceased,1140.0,16,473,152.35,2024-01-24,legal,,,,,,,152.35,987.65,0.1336
CO0000056,ACC0000434,SYF_GUITARCTR,Nearprime,2024-10-01,nonpayment,2617.25,44,496,,,,,,,,,,0.0,2617.25,0.0
CO0000057,ACC0000443,SYF_LOWES,Nearprime,2022-02-01,deceased,838.95,10,526,,,,,,,,,,0.0,838.95,0.0
CO0000058,ACC0000447,SYF_GUITARCTR,Subprime,2023-11-01,nonpayment,860.81,21,473,171.57,2024-11-25,third_party_agency,20.09,2025-06-23,debt_sale,205.42,2023-12-01,legal,397.08,463.73,0.4613
CO0000059,ACC0000458,SYF_GUITARCTR,Nearprime,2024-08-01,deceased,1282.5,35,560,308.74,2025-10-25,self_cure,,,,,,,308.74,973.76,0.2407
CO0000060,ACC0000459,SYF_BPGASCAR,Subprime,2024-08-01,nonpayment,120.69,33,437,,,,,,,,,,0.0,120.69,0.0
CO0000061,ACC0000466,SYF_GUITARCTR,Subprime,2024-05-01,fraud,1026.0,13,407,177.53,2025-12-22,third_party_agency,42.23,2025-05-26,third_party_agency,177.18,2025-05-26,self_cure,396.94,629.06,0.3869
CO0000062,ACC0000483,SYF_BPGASCAR,Nearprime,2024-08-01,bankruptcy,566.19,33,534,93.38,2025-10-25,legal,69.95,2025-09-25,third_party_agency,,,,163.33,402.86,0.2885
CO0000063,ACC0000484,SYF_BPGASCAR,Prime,2023-04-01,bankruptcy,67.62,3,569,,,,,,,,,,0.0,67.62,0.0
CO0000064,ACC0000487,SYF_WALMART,Nearprime,2022-11-01,bankruptcy,262.79,16,511,13.43,2023-10-27,legal,54.64,2023-06-29,legal,,,,68.07,194.72,0.259
CO0000065,ACC0000500,SYF_GUITARCTR,Prime,2024-11-01,bankruptcy,753.51,33,629,98.93,2025-06-29,debt_sale,,,,,,,98.93,654.58,0.1313
CO0000066,ACC0000516,SYF_ROOMS2GO,Prime,2023-10-01,fraud,3165.44,26,691,461.45,2025-04-23,internal_collections,,,,,,,461.45,2703.99,0.1458
CO0000067,ACC0000523,SYF_WALMART,Subprime,2023-11-01,nonpayment,256.5,19,534,16.39,2025-02-23,third_party_agency,11.2,2025-06-23,third_party_agency,10.25,2024-09-26,self_cure,37.84,218.66,0.1475
CO0000068,ACC0000524,SYF_GUITARCTR,Nearprime,2024-03-01,bankruptcy,1833.14,12,454,176.75,2025-09-22,internal_collections,,,,,,,176.75,1656.39,0.0964
CO0000069,ACC0000527,SYF_CARECREDIT,Subprime,2024-05-01,nonpayment,324.9,5,519,19.05,2025-03-27,internal_collections,77.19,2025-10-23,legal,,,,96.24,228.66,0.2962
CO0000070,ACC0000529,SYF_WALMART,Nearprime,2022-09-01,bankruptcy,392.59,19,595,47.19,2022-12-30,legal,42.37,2023-02-28,internal_collections,87.75,2022-10-01,self_cure,177.31,215.28,0.4516
CO0000071,ACC0000535,SYF_ROOMS2GO,Subprime,2023-12-01,nonpayment,716.4,9,479,166.87,2025-04-24,internal_collections,132.38,2024-07-28,third_party_agency,141.39,2025-07-23,legal,440.64,275.76,0.6151
CO0000072,ACC0000537,SYF_CARECREDIT,Nearprime,2024-05-01,bankruptcy,1795.5,39,570,370.58,2024-07-30,self_cure,258.31,2024-09-28,legal,221.62,2024-10-28,debt_sale,850.51,944.99,0.4737
CO0000073,ACC0000538,SYF_ROOMS2GO,Subprime,2024-11-01,bankruptcy,855.0,17,383,,,,,,,,,,0.0,855.0,0.0
CO0000074,ACC0000539,SYF_ASHLEY,Subprime,2022-06-01,fraud,361.0,12,522,9.05,2024-03-22,third_party_agency,73.54,2022-09-29,internal_collections,12.83,2022-07-01,internal_collections,95.42,265.58,0.2643
CO0000075,ACC0000544,SYF_CARECREDIT,Nearprime,2023-07-01,fraud,2491.19,21,563,62.01,2023-09-29,self_cure,245.16,2024-11-22,internal_collections,,,,307.17,2184.02,0.1233
CO0000076,ACC0000558,SYF_BPGASCAR,Prime,2024-10-01,deceased,360.91,37,605,28.73,2025-01-29,legal,66.13,2025-01-29,debt_sale,15.52,2025-06-28,legal,110.38,250.53,0.3058
CO0000077,ACC0000562,SYF_LOWES,Nearprime,2024-12-01,nonpayment,893.91,33,581,,,,,,,,,,0.0,893.91,0.0
CO0000078,ACC0000565,SYF_GUITARCTR,Subprime,2023-11-01,settlement,475.0,7,454,18.14,2024-04-29,debt_sale,76.28,2025-04-24,self_cure,,,,94.42,380.58,0.1988
CO0000079,ACC0000583,SYF_BPGASCAR,Nearprime,2023-07-01,settlement,131.93,28,510,2.82,2024-04-26,self_cure,14.4,2024-05-26,legal,30.77,2024-05-26,debt_sale,47.99,83.94,0.3638
CO0000080,ACC0000585,SYF_LOWES,Subprime,2021-12-01,bankruptcy,442.71,5,387,48.57,2023-01-25,debt_sale,26.36,2023-06-24,legal,,,,74.93,367.78,0.1693
CO0000081,ACC0000586,SYF_ROOMS2GO,Subprime,2024-03-01,settlement,884.45,31,495,156.55,2025-07-24,third_party_agency,62.9,2025-03-26,legal,191.14,2024-05-30,legal,410.59,473.86,0.4642
CO0000082,ACC0000595,SYF_BPGASCAR,Subprime,2024-12-01,bankruptcy,210.88,12,466,14.47,2025-03-31,legal,,,,,,,14.47,196.41,0.0686
CO0000083,ACC0000598,SYF_ROOMS2GO,Subprime,2024-10-01,fraud,1140.0,44,495,,,,,,,,,,0.0,1140.0,0.0
CO0000084,ACC0000600,SYF_PAYPAL,Nearprime,2024-10-01,bankruptcy,888.81,41,539,,,,,,,,,,0.0,888.81,0.0
CO0000085,ACC0000604,SYF_LOWES,Nearprime,2023-11-01,settlement,1096.49,15,524,273.43,2024-01-30,third_party_agency,,,,,,,273.43,823.06,0.2494
CO0000086,ACC0000605,SYF_PAYPAL,Subprime,2024-12-01,fraud,465.5,12,388,,,,,,,,,,0.0,465.5,0.0
CO0000087,ACC0000614,SYF_CARECREDIT,Subprime,2024-11-01,deceased,855.0,31,383,84.51,2024-12-31,third_party_agency,111.46,2025-07-29,self_cure,,,,195.97,659.03,0.2292
CO0000088,ACC0000622,SYF_LOWES,Subprime,2024-08-01,fraud,1117.2,25,480,68.21,2025-11-24,third_party_agency,,,,,,,68.21,1048.99,0.0611
CO0000089,ACC0000624,SYF_SAMSCLUB,Prime,2024-01-01,settlement,363.02,11,586,,,,,,,,,,0.0,363.02,0.0
CO0000090,ACC0000625,SYF_GUITARCTR,Nearprime,2022-04-01,nonpayment,880.77,3,516,151.06,2023-09-23,legal,172.29,2023-07-25,legal,215.83,2023-10-23,self_cure,539.18,341.59,0.6122
CO0000091,ACC0000630,SYF_WALMART,Superprime,2024-12-01,settlement,346.21,27,619,36.38,2025-09-27,legal,36.53,2025-06-29,self_cure,,,,72.91,273.3,0.2106
CO0000092,ACC0000634,SYF_PAYPAL,Nearprime,2024-10-01,bankruptcy,150.67,6,517,14.47,2025-07-28,legal,36.09,2025-09-26,self_cure,23.54,2025-01-29,internal_collections,74.1,76.57,0.4918
CO0000093,ACC0000636,SYF_CARECREDIT,Prime,2022-07-01,deceased,3395.79,13,547,665.17,2024-05-21,debt_sale,114.03,2023-10-24,self_cure,,,,779.2,2616.59,0.2295
CO0000094,ACC0000647,SYF_BPGASCAR,Nearprime,2024-02-01,fraud,819.41,22,531,26.72,2024-10-28,debt_sale,89.48,2025-01-26,legal,,,,116.2,703.21,0.1418
CO0000095,ACC0000648,SYF_ROOMS2GO,Subprime,2024-06-01,fraud,744.8,18,378,137.09,2025-01-27,debt_sale,110.95,2024-11-28,legal,,,,248.04,496.76,0.333
CO0000096,ACC0000651,SYF_BPGASCAR,Nearprime,2022-07-01,deceased,154.73,3,531,18.92,2022-09-29,third_party_agency,28.82,2024-02-21,self_cure,27.52,2022-10-29,self_cure,75.26,79.47,0.4864
CO0000097,ACC0000654,SYF_BPGASCAR,Subprime,2023-07-01,fraud,298.87,19,473,,,,,,,,,,0.0,298.87,0.0
CO0000098,ACC0000657,SYF_ASHLEY,Subprime,2024-11-01,fraud,361.0,6,491,18.1,2024-12-01,third_party_agency,52.76,2024-12-31,third_party_agency,88.03,2025-10-27,debt_sale,158.89,202.11,0.4401
CO0000099,ACC0000659,SYF_ASHLEY,Subprime,2024-03-01,deceased,558.6,17,466,126.82,2025-07-24,third_party_agency,,,,,,,126.82,431.78,0.227
CO0000100,ACC0000663,SYF_AMAZON,Subprime,2024-08-01,settlement,497.56,8,404,111.74,2025-03-29,legal,,,,,,,111.74,385.82,0.2246
CO0000101,ACC0000689,SYF_ROOMS2GO,Subprime,2022-12-01,fraud,475.0,6,407,,,,,,,,,,0.0,475.0,0.0
CO0000102,ACC0000693,SYF_SAMSCLUB,Subprime,2024-07-01,bankruptcy,427.5,40,514,,,,,,,,,,0.0,427.5,0.0
CO0000103,ACC0000699,SYF_GUITARCTR,Nearprime,2023-09-01,settlement,1442.07,21,519,221.78,2025-05-23,self_cure,,,,,,,221.78,1220.29,0.1538
CO0000104,ACC0000702,SYF_ROOMS2GO,Nearprime,2023-12-01,nonpayment,3163.5,15,575,314.5,2024-06-28,legal,358.51,2025-03-25,internal_collections,166.34,2024-10-26,internal_collections,839.35,2324.15,0.2653
CO0000105,ACC0000707,SYF_LOWES,Nearprime,2024-07-01,nonpayment,1235.13,31,580,284.47,2025-12-23,self_cure,,,,,,,284.47,950.66,0.2303
CO0000106,ACC0000710,SYF_GUITARCTR,Subprime,2022-12-01,fraud,1197.0,8,443,48.39,2023-05-30,self_cure,41.33,2023-09-27,debt_sale,287.64,2024-04-24,internal_collections,377.36,819.64,0.3153
CO0000107,ACC0000719,SYF_ASHLEY,Subprime,2023-12-01,settlement,451.25,27,443,,,,,,,,,,0.0,451.25,0.0
CO0000108,ACC0000729,SYF_LOWES,Nearprime,2022-09-01,deceased,1201.92,9,562,255.63,2022-10-01,internal_collections,253.15,2024-05-23,legal,,,,508.78,693.14,0.4233
CO0000109,ACC0000735,SYF_AMAZON,Nearprime,2022-10-01,settlement,272.94,9,495,55.54,2024-02-23,legal,9.9,2023-05-29,legal,,,,65.44,207.5,0.2398
CO0000110,ACC0000737,SYF_ROOMS2GO,Nearprime,2023-03-01,fraud,3610.0,18,530,,,,,,,,,,0.0,3610.0,0.0
CO0000111,ACC0000740,SYF_WALMART,Subprime,2023-12-01,settlement,805.81,17,481,184.02,2025-04-24,debt_sale,82.92,2025-04-24,third_party_agency,83.55,2024-04-29,debt_sale,350.49,455.32,0.435
CO0000112,ACC0000752,SYF_GUITARCTR,Prime,2024-12-01,fraud,1836.03,22,585,,,,,,,,,,0.0,1836.03,0.0
CO0000113,ACC0000771,SYF_GUITARCTR,Nearprime,2024-06-01,nonpayment,802.62,31,544,,,,,,,,,,0.0,802.62,0.0
CO0000114,ACC0000781,SYF_ASHLEY,Nearprime,2023-10-01,bankruptcy,3007.13,25,539,562.44,2025-01-23,legal,200.9,2023-10-31,debt_sale,717.76,2024-11-24,internal_collections,1481.1,1526.03,0.4925
CO0000115,ACC0000786,SYF_ASHLEY,Prime,2022-06-01,settlement,1786.95,7,678,303.21,2022-08-30,debt_sale,201.24,2022-11-28,legal,,,,504.45,1282.5,0.2823
CO0000116,ACC0000791,SYF_BPGASCAR,Subprime,2024-05-01,bankruptcy,263.29,13,480,,,,,,,,,,0.0,263.29,0.0
CO0000117,ACC0000793,SYF_WALMART,Subprime,2024-06-01,deceased,443.9,22,499,,,,,,,,,,0.0,443.9,0.0
CO0000118,ACC0000808,SYF_GUITARCTR,Nearprime,2023-04-01,fraud,2063.03,24,530,,,,,,,,,,0.0,2063.03,0.0
CO0000119,ACC0000812,SYF_ROOMS2GO,Nearprime,2024-07-01,deceased,2436.75,42,491,356.72,2024-12-28,third_party_agency,,,,,,,356.72,2080.03,0.1464
CO0000120,ACC0000816,SYF_BPGASCAR,Nearprime,2023-10-01,fraud,425.36,11,494,20.33,2024-12-24,legal,,,,,,,20.33,405.03,0.0478
CO0000121,ACC0000817,SYF_ROOMS2GO,Superprime,2024-11-01,bankruptcy,3082.79,16,725,,,,,,,,,,0.0,3082.79,0.0
CO0000122,ACC0000831,SYF_AMAZON,Prime,2024-03-01,settlement,370.92,10,518,38.76,2024-05-30,debt_sale,,,,,,,38.76,332.16,0.1045
CO0000123,ACC0000833,SYF_SAMSCLUB,Subprime,2024-12-01,deceased,404.87,17,488,,,,,,,,,,0.0,404.87,0.0
CO0000124,ACC0000834,SYF_GUITARCTR,Subprime,2024-04-01,deceased,353.78,11,468,,,,,,,,,,0.0,353.78,0.0
CO0000125,ACC0000839,SYF_AMAZON,Prime,2024-09-01,fraud,651.87,29,626,45.48,2025-09-26,third_party_agency,,,,,,,45.48,606.39,0.0698
CO0000126,ACC0000844,SYF_ASHLEY,Subprime,2023-10-01,deceased,1140.0,5,421,,,,,,,,,,0.0,1140.0,0.0
CO0000127,ACC0000853,SYF_LOWES,Nearprime,2024-06-01,deceased,1068.98,8,577,151.12,2024-07-01,internal_collections,,,,,,,151.12,917.86,0.1414
CO0000128,ACC0000857,SYF_ROOMS2GO,Nearprime,2023-12-01,deceased,2707.5,21,491,,,,,,,,,,0.0,2707.5,0.0
CO0000129,ACC0000864,SYF_WALMART,Subprime,2024-06-01,fraud,364.19,21,459,,,,,,,,,,0.0,364.19,0.0
CO0000130,ACC0000866,SYF_SAMSCLUB,Superprime,2024-09-01,bankruptcy,516.42,22,597,,,,,,,,,,0.0,516.42,0.0
CO0000131,ACC0000869,SYF_GUITARCTR,Nearprime,2023-04-01,nonpayment,2056.51,18,561,501.03,2024-04-25,internal_collections,405.65,2024-06-24,third_party_agency,,,,906.68,1149.83,0.4409
CO0000132,ACC0000873,SYF_CARECREDIT,Nearprime,2024-10-01,deceased,902.5,31,495,149.31,2024-11-30,internal_collections,,,,,,,149.31,753.19,0.1654
CO0000133,ACC0000874,SYF_CARECREDIT,Nearprime,2022-12-01,nonpayment,1026.0,10,546,152.54,2024-01-25,debt_sale,106.09,2024-10-21,internal_collections,62.74,2023-12-26,self_cure,321.37,704.63,0.3132
CO0000134,ACC0000877,SYF_CARECREDIT,Nearprime,2024-07-01,settlement,1944.73,34,530,,,,,,,,,,0.0,1944.73,0.0
CO0000135,ACC0000888,SYF_AMAZON,Subprime,2023-07-01,deceased,753.39,12,429,,,,,,,,,,0.0,753.39,0.0
CO0000136,ACC0000904,SYF_CARECREDIT,Nearprime,2024-01-01,deceased,2090.0,24,519,163.24,2025-03-26,third_party_agency,,,,,,,163.24,1926.76,0.0781
CO0000137,ACC0000905,SYF_AMAZON,Subprime,2021-12-01,deceased,196.11,6,430,26.28,2023-08-23,self_cure,33.56,2023-09-22,internal_collections,,,,59.84,136.27,0.3051
CO0000138,ACC0000906,SYF_BPGASCAR,Nearprime,2023-10-01,settlement,679.63,33,457,105.66,2024-04-28,internal_collections,90.3,2025-04-23,self_cure,,,,195.96,483.67,0.2883
CO0000139,ACC0000912,SYF_BPGASCAR,Prime,2023-03-01,deceased,270.49,24,537,28.68,2024-08-22,debt_sale,16.67,2024-06-23,third_party_agency,46.25,2024-12-20,legal,91.6,178.89,0.3387
CO0000140,ACC0000918,SYF_CARECREDIT,Subprime,2024-05-01,deceased,744.8,28,399,55.85,2024-12-27,debt_sale,35.53,2025-12-22,third_party_agency,146.62,2024-09-28,self_cure,238.0,506.8,0.3195
CO0000141,ACC0000927,SYF_LOWES,Prime,2022-03-01,deceased,751.03,5,625,,,,,,,,,,0.0,751.03,0.0
CO0000142,ACC0000932,SYF_SAMSCLUB,Nearprime,2024-10-01,bankruptcy,512.55,30,489,43.14,2025-08-27,third_party_agency,,,,,,,43.14,469.41,0.0842
CO0000143,ACC0000935,SYF_WALMART,Subprime,2021-12-01,bankruptcy,218.93,5,523,49.67,2022-05-30,debt_sale,,,,,,,49.67,169.26,0.2269
CO0000144,ACC0000952,SYF_ROOMS2GO,Nearprime,2023-01-01,bankruptcy,1425.0,8,467,91.0,2023-10-28,third_party_agency,,,,,,,91.0,1334.0,0.0639
CO0000145,ACC0000972,SYF_ASHLEY,Subprime,2024-06-01,fraud,1028.85,26,488,110.18,2025-07-26,third_party_agency,,,,,,,110.18,918.67,0.1071
CO0000146,ACC0000986,SYF_LOWES,Prime,2022-08-01,settlement,1075.92,14,587,69.14,2023-10-25,internal_collections,247.81,2023-11-24,legal,250.55,2023-04-28,internal_collections,567.5,508.42,0.5275
CO0000147,ACC0000996,SYF_ASHLEY,Prime,2024-04-01,fraud,2391.48,6,596,188.87,2024-05-31,legal,,,,,,,188.87,2202.61,0.079
CO0000148,ACC0001003,SYF_ROOMS2GO,Subprime,2024-04-01,bankruptcy,558.6,11,455,43.14,2025-04-26,debt_sale,,,,,,,43.14,515.46,0.0772
CO0000149,ACC0001006,SYF_GUITARCTR,Nearprime,2024-09-01,bankruptcy,437.28,30,594,,,,,,,,,,0.0,437.28,0.0
CO0000150,ACC0001008,SYF_WALMART,Nearprime,2024-02-01,nonpayment,140.83,11,575,7.94,2024-10-28,third_party_agency,31.48,2025-05-26,third_party_agency,34.3,2025-03-27,debt_sale,73.72,67.11,0.5235
CO0000151,ACC0001012,SYF_GUITARCTR,Subprime,2024-12-01,nonpayment,812.25,23,446,,,,,,,,,,0.0,812.25,0.0
CO0000152,ACC0001039,SYF_SAMSCLUB,Nearprime,2023-10-01,deceased,505.67,21,545,115.78,2025-08-21,debt_sale,,,,,,,115.78,389.89,0.229
CO0000153,ACC0001051,SYF_PAYPAL,Subprime,2024-10-01,nonpayment,553.41,41,501,11.84,2025-11-25,third_party_agency,95.76,2025-08-27,legal,,,,107.6,445.81,0.1944
CO0000154,ACC0001056,SYF_PAYPAL,Subprime,2024-06-01,deceased,560.76,22,466,,,,,,,,,,0.0,560.76,0.0
CO0000155,ACC0001060,SYF_ASHLEY,Subprime,2024-04-01,nonpayment,570.0,36,453,60.02,2025-08-24,internal_collections,127.64,2025-06-25,third_party_agency,31.97,2025-11-22,self_cure,219.63,350.37,0.3853
CO0000156,ACC0001077,SYF_BPGASCAR,Subprime,2023-11-01,deceased,239.97,29,462,45.26,2024-03-30,self_cure,44.71,2025-03-25,third_party_agency,,,,89.97,150.0,0.3749
CO0000157,ACC0001091,SYF_PAYPAL,Nearprime,2023-07-01,fraud,266.3,17,525,57.66,2024-04-26,third_party_agency,58.39,2025-05-21,debt_sale,,,,116.05,150.25,0.4358
CO0000158,ACC0001104,SYF_SAMSCLUB,Nearprime,2023-03-01,deceased,217.71,6,486,,,,,,,,,,0.0,217.71,0.0
CO0000159,ACC0001114,SYF_SAMSCLUB,Subprime,2022-07-01,settlement,427.5,15,459,15.99,2023-08-25,debt_sale,,,,,,,15.99,411.51,0.0374
CO0000160,ACC0001116,SYF_CARECREDIT,Prime,2023-04-01,nonpayment,1093.99,25,641,226.36,2023-12-27,self_cure,71.62,2023-07-30,debt_sale,,,,297.98,796.01,0.2724
CO0000161,ACC0001121,SYF_GUITARCTR,Nearprime,2024-03-01,bankruptcy,1396.5,22,486,205.01,2025-02-24,legal,,,,,,,205.01,1191.49,0.1468
CO0000162,ACC0001124,SYF_ASHLEY,Subprime,2024-07-01,fraud,1026.0,10,436,,,,,,,,,,0.0,1026.0,0.0
CO0000163,ACC0001126,SYF_LOWES,Subprime,2023-05-01,bankruptcy,631.75,24,471,143.38,2023-12-27,third_party_agency,14.71,2025-03-21,debt_sale,107.63,2023-06-30,legal,265.72,366.03,0.4206
CO0000164,ACC0001128,SYF_SAMSCLUB,Subprime,2024-02-01,settlement,870.14,29,505,,,,,,,,,,0.0,870.14,0.0
CO0000165,ACC0001134,SYF_SAMSCLUB,Subprime,2024-07-01,fraud,613.65,16,493,151.91,2024-10-29,debt_sale,,,,,,,151.91,461.74,0.2476
CO0000166,ACC0001137,SYF_BPGASCAR,Prime,2024-03-01,nonpayment,360.39,35,682,77.69,2025-11-21,internal_collections,82.15,2024-10-27,internal_collections,,,,159.84,200.55,0.4435
CO0000167,ACC0001139,SYF_BPGASCAR,Nearprime,2024-03-01,nonpayment,495.72,23,554,,,,,,,,,,0.0,495.72,0.0
CO0000168,ACC0001156,SYF_WALMART,Nearprime,2023-09-01,deceased,367.67,30,560,86.47,2023-12-30,self_cure,,,,,,,86.47,281.2,0.2352
CO0000169,ACC0001158,SYF_GUITARCTR,Nearprime,2024-11-01,fraud,1997.92,39,469,264.38,2025-10-27,self_cure,,,,,,,264.38,1733.54,0.1323
CO0000170,ACC0001168,SYF_WALMART,Nearprime,2023-11-01,fraud,73.21,29,460,12.4,2025-07-23,internal_collections,,,,,,,12.4,60.81,0.1694
CO0000171,ACC0001169,SYF_CARECREDIT,Subprime,2022-11-01,bankruptcy,342.0,18,478,,,,,,,,,,0.0,342.0,0.0
CO0000172,ACC0001175,SYF_LOWES,Subprime,2024-10-01,deceased,1111.5,35,428,,,,,,,,,,0.0,1111.5,0.0
CO0000173,ACC0001197,SYF_GUITARCTR,Prime,2023-02-01,settlement,906.61,24,615,161.93,2023-12-28,self_cure,,,,,,,161.93,744.68,0.1786
CO0000174,ACC0001208,SYF_GUITARCTR,Nearprime,2024-10-01,fraud,2111.41,12,529,,,,,,,,,,0.0,2111.41,0.0
CO0000175,ACC0001215,SYF_SAMSCLUB,Subprime,2024-09-01,bankruptcy,1083.0,24,495,,,,,,,,,,0.0,1083.0,0.0
CO0000176,ACC0001237,SYF_ASHLEY,Subprime,2022-08-01,bankruptcy,1117.2,18,502,246.3,2023-07-27,debt_sale,,,,,,,246.3,870.9,0.2205
CO0000177,ACC0001257,SYF_ROOMS2GO,Subprime,2024-01-01,bankruptcy,372.4,11,422,82.44,2024-08-28,debt_sale,,,,,,,82.44,289.96,0.2214
CO0000178,ACC0001261,SYF_LOWES,Nearprime,2024-08-01,bankruptcy,1729.57,38,569,270.88,2025-06-27,self_cure,36.65,2025-04-28,legal,,,,307.53,1422.04,0.1778
CO0000179,ACC0001265,SYF_GUITARCTR,Subprime,2023-08-01,deceased,837.9,18,506,65.43,2024-11-23,debt_sale,47.23,2024-05-27,self_cure,166.42,2023-09-30,third_party_agency,279.08,558.82,0.3331
CO0000180,ACC0001266,SYF_LOWES,Subprime,2023-09-01,deceased,1024.1,16,513,,,,,,,,,,0.0,1024.1,0.0
CO0000181,ACC0001271,SYF_ASHLEY,Subprime,2023-06-01,fraud,1114.59,21,408,183.9,2024-06-25,internal_collections,154.41,2024-01-27,debt_sale,121.11,2024-09-23,legal,459.42,655.17,0.4122
CO0000182,ACC0001278,SYF_AMAZON,Nearprime,2023-05-01,fraud,590.71,20,519,,,,,,,,,,0.0,590.71,0.0
CO0000183,ACC0001279,SYF_ROOMS2GO,Nearprime,2023-08-01,fraud,2564.9,15,535,,,,,,,,,,0.0,2564.9,0.0
CO0000184,ACC0001282,SYF_GUITARCTR,Nearprime,2024-01-01,bankruptcy,1461.37,22,527,238.38,2025-03-26,third_party_agency,,,,,,,238.38,1222.99,0.1631
CO0000185,ACC0001288,SYF_BPGASCAR,Superprime,2023-06-01,settlement,445.8,14,701,20.46,2023-08-30,internal_collections,41.3,2025-02-20,debt_sale,86.37,2024-06-25,legal,148.13,297.67,0.3323
CO0000186,ACC0001290,SYF_WALMART,Nearprime,2024-09-01,fraud,639.22,34,491,36.03,2025-08-27,self_cure,,,,,,,36.03,603.19,0.0564
CO0000187,ACC0001291,SYF_LOWES,Subprime,2023-02-01,bankruptcy,693.41,23,501,53.69,2024-02-26,legal,,,,,,,53.69,639.72,0.0774
CO0000188,ACC0001299,SYF_LOWES,Nearprime,2024-06-01,settlement,847.03,27,498,72.76,2025-07-26,internal_collections,,,,,,,72.76,774.27,0.0859
CO0000189,ACC0001301,SYF_SAMSCLUB,Prime,2024-11-01,settlement,498.76,10,594,,,,,,,,,,0.0,498.76,0.0
CO0000190,ACC0001312,SYF_WALMART,Subprime,2021-08-01,fraud,100.5,4,490,4.22,2022-05-28,self_cure,23.17,2021-08-31,debt_sale,13.58,2021-10-30,self_cure,40.97,59.53,0.4077
CO0000191,ACC0001313,SYF_ROOMS2GO,Nearprime,2024-11-01,settlement,2105.19,12,570,,,,,,,,,,0.0,2105.19,0.0
CO0000192,ACC0001323,SYF_LOWES,Nearprime,2024-06-01,nonpayment,388.82,38,479,40.71,2025-08-25,third_party_agency,,,,,,,40.71,348.11,0.1047
CO0000193,ACC0001340,SYF_SAMSCLUB,Nearprime,2024-12-01,settlement,1551.56,22,550,,,,,,,,,,0.0,1551.56,0.0
CO0000194,ACC0001347,SYF_ROOMS2GO,Subprime,2023-06-01,fraud,541.5,11,478,100.79,2023-07-31,legal,57.93,2025-01-21,third_party_agency,48.58,2023-07-01,third_party_agency,207.3,334.2,0.3828
CO0000195,ACC0001356,SYF_ROOMS2GO,Subprime,2024-03-01,fraud,902.5,7,484,183.02,2024-08-28,self_cure,,,,,,,183.02,719.48,0.2028
CO0000196,ACC0001359,SYF_BPGASCAR,Subprime,2023-07-01,nonpayment,93.21,12,478,21.12,2024-03-27,self_cure,,,,,,,21.12,72.09,0.2266
CO0000197,ACC0001361,SYF_AMAZON,Prime,2023-07-01,fraud,197.21,8,610,,,,,,,,,,0.0,197.21,0.0
CO0000198,ACC0001363,SYF_ROOMS2GO,Subprime,2022-03-01,bankruptcy,1263.5,5,529,285.01,2022-12-26,self_cure,,,,,,,285.01,978.49,0.2256
CO0000199,ACC0001379,SYF_SAMSCLUB,Nearprime,2024-03-01,bankruptcy,346.07,7,488,,,,,,,,,,0.0,346.07,0.0
CO0000200,ACC0001381,SYF_LOWES,Nearprime,2021-12-01,settlement,1070.92,10,533,195.65,2023-05-25,third_party_agency,99.84,2022-12-26,internal_collections,,,,295.49,775.43,0.2759
CO0000201,ACC0001385,SYF_SAMSCLUB,Nearprime,2024-01-01,deceased,898.93,26,534,,,,,,,,,,0.0,898.93,0.0
CO0000202,ACC0001389,SYF_SAMSCLUB,Subprime,2024-12-01,bankruptcy,374.25,5,501,20.2,2025-11-26,legal,,,,,,,20.2,354.05,0.054
CO0000203,ACC0001399,SYF_ASHLEY,Prime,2022-10-01,nonpayment,2394.0,19,683,126.69,2023-11-25,self_cure,400.72,2023-02-28,third_party_agency,,,,527.41,1866.59,0.2203
CO0000204,ACC0001402,SYF_BPGASCAR,Subprime,2023-12-01,bankruptcy,316.21,10,390,77.9,2025-08-22,internal_collections,,,,,,,77.9,238.31,0.2464
CO0000205,ACC0001403,SYF_ROOMS2GO,Prime,2023-08-01,nonpayment,3527.97,20,597,80.07,2024-03-28,internal_collections,,,,,,,80.07,3447.9,0.0227
CO0000206,ACC0001412,SYF_LOWES,Subprime,2023-09-01,deceased,361.0,16,387,31.5,2023-10-31,legal,,,,,,,31.5,329.5,0.0873
CO0000207,ACC0001416,SYF_SAMSCLUB,Prime,2024-02-01,fraud,394.04,16,650,61.81,2024-05-31,third_party_agency,88.92,2025-01-26,self_cure,34.94,2024-07-30,internal_collections,185.67,208.37,0.4712
CO0000208,ACC0001417,SYF_SAMSCLUB,Nearprime,2024-06-01,bankruptcy,678.11,10,536,93.56,2025-01-27,internal_collections,65.76,2024-10-29,internal_collections,,,,159.32,518.79,0.2349
CO0000209,ACC0001422,SYF_LOWES,Subprime,2023-11-01,settlement,380.0,29,512,,,,,,,,,,0.0,380.0,0.0
CO0000210,ACC0001427,SYF_BPGASCAR,Subprime,2024-08-01,settlement,427.5,13,471,,,,,,,,,,0.0,427.5,0.0
CO0000211,ACC0001459,SYF_GUITARCTR,Subprime,2024-01-01,settlement,435.38,31,426,,,,,,,,,,0.0,435.38,0.0
CO0000212,ACC0001463,SYF_WALMART,Prime,2022-04-01,bankruptcy,248.44,8,607,51.53,2022-05-01,debt_sale,17.17,2022-05-01,third_party_agency,,,,68.7,179.74,0.2765
CO0000213,ACC0001474,SYF_BPGASCAR,Nearprime,2022-08-01,nonpayment,278.54,15,514,41.93,2024-02-22,legal,,,,,,,41.93,236.61,0.1505
CO0000214,ACC0001475,SYF_ROOMS2GO,Nearprime,2022-10-01,deceased,1425.0,20,511,214.58,2022-12-30,self_cure,95.21,2024-04-23,debt_sale,235.0,2024-04-23,self_cure,544.79,880.21,0.3823
CO0000215,ACC0001500,SYF_CARECREDIT,Nearprime,2024-01-01,deceased,2143.06,31,471,162.62,2024-07-29,self_cure,,,,,,,162.62,1980.44,0.0759
CO0000216,ACC0001517,SYF_LOWES,Subprime,2023-09-01,deceased,475.0,24,403,73.47,2023-12-30,legal,96.68,2025-04-23,self_cure,93.67,2024-01-29,self_cure,263.82,211.18,0.5554
CO0000217,ACC0001526,SYF_GUITARCTR,Nearprime,2024-12-01,nonpayment,1985.5,18,527,,,,,,,,,,0.0,1985.5,0.0
CO0000218,ACC0001535,SYF_PAYPAL,Nearprime,2024-03-01,bankruptcy,592.63,25,481,69.5,2025-05-25,internal_collections,,,,,,,69.5,523.13,0.1173
CO0000219,ACC0001542,SYF_WALMART,Subprime,2023-08-01,fraud,558.6,28,472,,,,,,,,,,0.0,558.6,0.0
CO0000220,ACC0001543,SYF_GUITARCTR,Nearprime,2024-07-01,bankruptcy,1303.4,21,574,,,,,,,,,,0.0,1303.4,0.0
CO0000221,ACC0001552,SYF_CARECREDIT,Prime,2024-04-01,fraud,1335.23,12,609,95.28,2024-12-27,self_cure,209.63,2024-08-29,internal_collections,147.61,2025-05-26,debt_sale,452.52,882.71,0.3389
CO0000222,ACC0001559,SYF_LOWES,Nearprime,2023-05-01,settlement,1117.2,6,560,28.07,2023-07-30,self_cure,57.15,2024-08-23,legal,,,,85.22,1031.98,0.0763
CO0000223,ACC0001565,SYF_PAYPAL,Subprime,2023-05-01,settlement,348.48,25,444,67.41,2023-08-29,legal,,,,,,,67.41,281.07,0.1934
CO0000224,ACC0001590,SYF_CARECREDIT,Prime,2021-11-01,deceased,1478.83,5,623,288.61,2022-01-30,debt_sale,205.3,2023-02-24,self_cure,,,,493.91,984.92,0.334
CO0000225,ACC0001591,SYF_SAMSCLUB,Nearprime,2023-04-01,deceased,155.07,13,463,25.12,2023-07-30,debt_sale,11.97,2025-01-20,internal_collections,,,,37.09,117.98,0.2392
CO0000226,ACC0001597,SYF_ROOMS2GO,Nearprime,2024-04-01,fraud,3230.0,25,493,,,,,,,,,,0.0,3230.0,0.0
CO0000227,ACC0001606,SYF_SAMSCLUB,Nearprime,2024-01-01,nonpayment,934.68,34,478,170.03,2025-02-24,legal,226.42,2024-12-26,internal_collections,74.25,2025-10-22,third_party_agency,470.7,463.98,0.5036
CO0000228,ACC0001620,SYF_LOWES,Nearprime,2024-02-01,nonpayment,1895.25,14,583,75.2,2024-05-01,self_cure,236.82,2025-04-26,internal_collections,,,,312.02,1583.23,0.1646
CO0000229,ACC0001624,SYF_PAYPAL,Subprime,2024-07-01,bankruptcy,736.57,39,548,,,,,,,,,,0.0,736.57,0.0
CO0000230,ACC0001625,SYF_AMAZON,Subprime,2024-05-01,nonpayment,247.92,28,465,25.38,2025-09-23,debt_sale,47.15,2025-03-27,debt_sale,61.85,2025-12-22,self_cure,134.38,113.54,0.542
CO0000231,ACC0001637,SYF_WALMART,Nearprime,2023-03-01,settlement,494.71,8,531,,,,,,,,,,0.0,494.71,0.0
CO0000232,ACC0001638,SYF_AMAZON,Subprime,2023-11-01,fraud,267.34,29,469,37.86,2025-09-21,legal,,,,,,,37.86,229.48,0.1416
CO0000233,ACC0001673,SYF_AMAZON,Subprime,2024-10-01,fraud,380.54,11,385,,,,,,,,,,0.0,380.54,0.0
CO0000234,ACC0001674,SYF_ROOMS2GO,Subprime,2024-07-01,bankruptcy,1197.0,9,465,97.68,2024-12-28,third_party_agency,101.65,2025-01-27,debt_sale,,,,199.33,997.67,0.1665
CO0000235,ACC0001679,SYF_AMAZON,Nearprime,2023-06-01,settlement,405.72,10,502,,,,,,,,,,0.0,405.72,0.0
CO0000236,ACC0001696,SYF_AMAZON,Nearprime,2024-08-01,bankruptcy,650.23,31,565,,,,,,,,,,0.0,650.23,0.0
CO0000237,ACC0001701,SYF_LOWES,Nearprime,2024-07-01,nonpayment,1083.0,19,532,54.89,2024-09-29,internal_collections,,,,,,,54.89,1028.11,0.0507
CO0000238,ACC0001702,SYF_GUITARCTR,Nearprime,2023-10-01,settlement,2221.13,30,559,46.09,2025-02-22,debt_sale,,,,,,,46.09,2175.04,0.0208
CO0000239,ACC0001704,SYF_SAMSCLUB,Subprime,2024-12-01,bankruptcy,665.0,18,449,130.12,2025-01-30,third_party_agency,,,,,,,130.12,534.88,0.1957
CO0000240,ACC0001713,SYF_ROOMS2GO,Superprime,2024-08-01,bankruptcy,9786.32,30,639,1273.91,2025-11-24,internal_collections,,,,,,,1273.91,8512.41,0.1302
CO0000241,ACC0001727,SYF_WALMART,Prime,2022-12-01,deceased,722.71,12,638,,,,,,,,,,0.0,722.71,0.0
CO0000242,ACC0001730,SYF_AMAZON,Subprime,2024-10-01,deceased,395.62,15,469,,,,,,,,,,0.0,395.62,0.0
CO0000243,ACC0001734,SYF_LOWES,Subprime,2023-08-01,settlement,1173.25,8,376,214.8,2024-05-27,self_cure,,,,,,,214.8,958.45,0.1831
CO0000244,ACC0001738,SYF_AMAZON,Nearprime,2024-07-01,fraud,674.07,28,582,52.83,2025-05-27,debt_sale,51.04,2025-08-25,self_cure,,,,103.87,570.2,0.1541
CO0000245,ACC0001747,SYF_LOWES,Subprime,2022-04-01,fraud,828.14,5,484,91.85,2023-09-23,legal,64.24,2023-07-25,debt_sale,188.13,2024-02-20,debt_sale,344.22,483.92,0.4157
CO0000246,ACC0001754,SYF_SAMSCLUB,Nearprime,2022-09-01,fraud,764.27,18,576,83.01,2023-04-29,internal_collections,175.45,2024-01-24,third_party_agency,105.82,2023-02-28,legal,364.28,399.99,0.4766
CO0000247,ACC0001757,SYF_GUITARCTR,Subprime,2023-09-01,fraud,1058.86,19,482,213.28,2025-03-24,legal,33.79,2025-02-22,internal_collections,,,,247.07,811.79,0.2333
CO0000248,ACC0001767,SYF_ASHLEY,Prime,2023-01-01,nonpayment,5266.13,19,634,,,,,,,,,,0.0,5266.13,0.0
CO0000249,ACC0001769,SYF_LOWES,Nearprime,2024-12-01,bankruptcy,946.3,6,531,,,,,,,,,,0.0,946.3,0.0
CO0000250,ACC0001777,SYF_LOWES,Nearprime,2022-10-01,settlement,1315.12,15,581,74.37,2023-06-28,third_party_agency,,,,,,,74.37,1240.75,0.0565
CO0000251,ACC0001779,SYF_ROOMS2GO,Nearprime,2023-02-01,deceased,2605.75,18,518,407.05,2024-02-26,third_party_agency,,,,,,,407.05,2198.7,0.1562
CO0000252,ACC0001784,SYF_PAYPAL,Subprime,2023-10-01,nonpayment,374.75,5,376,61.32,2024-01-29,internal_collections,84.58,2025-05-23,legal,32.1,2023-11-30,third_party_agency,178.0,196.75,0.475
CO0000253,ACC0001797,SYF_AMAZON,Subprime,2023-07-01,settlement,138.06,5,449,32.21,2024-12-22,legal,10.88,2024-09-23,third_party_agency,,,,43.09,94.97,0.3121
CO0000254,ACC0001809,SYF_WALMART,Nearprime,2023-04-01,bankruptcy,500.54,15,582,47.88,2024-12-21,debt_sale,31.97,2024-06-24,internal_collections,,,,79.85,420.69,0.1595
CO0000255,ACC0001812,SYF_WALMART,Prime,2024-06-01,settlement,237.05,11,520,,,,,,,,,,0.0,237.05,0.0
CO0000256,ACC0001818,SYF_ROOMS2GO,Nearprime,2024-08-01,deceased,2499.25,31,591,,,,,,,,,,0.0,2499.25,0.0
CO0000257,ACC0001830,SYF_CARECREDIT,Nearprime,2024-10-01,deceased,2065.07,17,517,251.6,2024-12-30,internal_collections,,,,,,,251.6,1813.47,0.1218
CO0000258,ACC0001836,SYF_GUITARCTR,Nearprime,2023-02-01,nonpayment,1152.68,18,506,,,,,,,,,,0.0,1152.68,0.0
CO0000259,ACC0001852,SYF_ROOMS2GO,Subprime,2023-02-01,bankruptcy,598.5,19,509,,,,,,,,,,0.0,598.5,0.0
CO0000260,ACC0001883,SYF_LOWES,Subprime,2023-05-01,nonpayment,1331.08,25,462,42.19,2023-12-27,legal,318.71,2023-09-28,third_party_agency,,,,360.9,970.18,0.2711
CO0000261,ACC0001885,SYF_SAMSCLUB,Subprime,2022-02-01,bankruptcy,717.93,10,405,,,,,,,,,,0.0,717.93,0.0
CO0000262,ACC0001888,SYF_GUITARCTR,Superprime,2022-04-01,bankruptcy,1039.27,11,733,221.11,2023-05-26,debt_sale,59.01,2022-05-31,debt_sale,,,,280.12,759.15,0.2695
CO0000263,ACC0001889,SYF_LOWES,Nearprime,2024-10-01,fraud,1489.6,20,578,,,,,,,,,,0.0,1489.6,0.0
CO0000264,ACC0001894,SYF_AMAZON,Subprime,2022-02-01,bankruptcy,200.38,8,469,8.23,2022-09-29,legal,40.92,2022-07-01,internal_collections,,,,49.15,151.23,0.2453
CO0000265,ACC0001896,SYF_AMAZON,Superprime,2024-01-01,deceased,430.7,19,688,13.34,2025-05-25,self_cure,,,,,,,13.34,417.36,0.031
CO0000266,ACC0001898,SYF_ROOMS2GO,Nearprime,2024-02-01,fraud,855.0,8,513,104.83,2025-06-25,third_party_agency,,,,,,,104.83,750.17,0.1226
CO0000267,ACC0001904,SYF_SAMSCLUB,Nearprime,2022-08-01,settlement,553.42,10,464,40.94,2024-02-22,legal,135.02,2024-05-22,debt_sale,,,,175.96,377.46,0.3179
CO0000268,ACC0001907,SYF_CARECREDIT,Subprime,2024-01-01,fraud,541.5,26,458,15.05,2025-11-21,third_party_agency,,,,,,,15.05,526.45,0.0278
CO0000269,ACC0001911,SYF_WALMART,Nearprime,2023-08-01,nonpayment,200.16,15,486,,,,,,,,,,0.0,200.16,0.0
CO0000270,ACC0001913,SYF_GUITARCTR,Prime,2023-01-01,settlement,1883.38,21,608,305.34,2024-02-25,internal_collections,135.93,2024-04-25,internal_collections,,,,441.27,1442.11,0.2343
CO0000271,ACC0001918,SYF_SAMSCLUB,Subprime,2024-07-01,fraud,169.39,18,482,26.1,2025-08-25,debt_sale,,,,,,,26.1,143.29,0.1541
CO0000272,ACC0001933,SYF_SAMSCLUB,Prime,2024-06-01,fraud,637.09,24,650,,,,,,,,,,0.0,637.09,0.0
CO0000273,ACC0001935,SYF_ASHLEY,Subprime,2023-08-01,bankruptcy,651.7,20,440,86.28,2024-05-27,internal_collections,56.28,2025-01-22,debt_sale,112.05,2023-08-31,internal_collections,254.61,397.09,0.3907
CO0000274,ACC0001945,SYF_SAMSCLUB,Nearprime,2023-08-01,settlement,834.26,24,533,,,,,,,,,,0.0,834.26,0.0
CO0000275,ACC0001953,SYF_BPGASCAR,Nearprime,2023-06-01,fraud,410.93,19,558,82.99,2024-07-25,third_party_agency,,,,,,,82.99,327.94,0.202
CO0000276,ACC0001964,SYF_ROOMS2GO,Nearprime,2024-12-01,deceased,1705.72,41,486,,,,,,,,,,0.0,1705.72,0.0
CO0000277,ACC0001966,SYF_AMAZON,Subprime,2024-04-01,nonpayment,490.3,11,464,103.78,2024-06-30,internal_collections,46.74,2024-05-01,debt_sale,45.89,2025-12-22,debt_sale,196.41,293.89,0.4006
CO0000278,ACC0001970,SYF_WALMART,Nearprime,2022-12-01,fraud,460.21,15,538,20.81,2023-05-30,third_party_agency,75.6,2023-07-29,self_cure,,,,96.41,363.8,0.2095
CO0000279,ACC0001980,SYF_WALMART,Subprime,2023-10-01,nonpayment,578.31,33,403,59.25,2025-03-24,legal,,,,,,,59.25,519.06,0.1025
CO0000280,ACC0001993,SYF_PAYPAL,Subprime,2023-01-01,settlement,849.4,15,473,117.63,2023-10-28,third_party_agency,,,,,,,117.63,731.77,0.1385
CO0000281,ACC0002005,SYF_ASHLEY,Nearprime,2024-10-01,fraud,2179.33,22,543,443.76,2025-12-25,internal_collections,323.71,2025-04-29,self_cure,227.08,2025-10-26,self_cure,994.55,1184.78,0.4564
CO0000282,ACC0002016,SYF_GUITARCTR,Subprime,2024-09-01,nonpayment,931.0,16,453,,,,,,,,,,0.0,931.0,0.0
CO0000283,ACC0002027,SYF_PAYPAL,Subprime,2022-08-01,deceased,427.5,10,443,56.7,2024-05-22,debt_sale,19.2,2023-06-27,third_party_agency,,,,75.9,351.6,0.1775
CO0000284,ACC0002029,SYF_ASHLEY,Prime,2022-07-01,nonpayment,3260.57,16,560,748.44,2023-12-23,legal,808.98,2022-08-30,internal_collections,,,,1557.42,1703.15,0.4777
CO0000285,ACC0002036,SYF_CARECREDIT,Subprime,2023-05-01,nonpayment,270.75,6,426,,,,,,,,,,0.0,270.75,0.0
CO0000286,ACC0002039,SYF_SAMSCLUB,Nearprime,2023-09-01,fraud,856.69,15,580,71.11,2024-07-27,debt_sale,22.11,2024-02-28,internal_collections,,,,93.22,763.47,0.1088
CO0000287,ACC0002047,SYF_LOWES,Subprime,2023-10-01,bankruptcy,893.09,11,377,,,,,,,,,,0.0,893.09,0.0
CO0000288,ACC0002049,SYF_BPGASCAR,Nearprime,2023-09-01,bankruptcy,993.38,12,596,37.92,2023-10-31,self_cure,154.49,2025-06-22,legal,,,,192.41,800.97,0.1937
CO0000289,ACC0002081,SYF_GUITARCTR,Nearprime,2023-06-01,deceased,2092.75,21,481,270.58,2023-08-30,self_cure,63.69,2024-04-26,debt_sale,435.52,2024-12-22,internal_collections,769.79,1322.96,0.3678
CO0000290,ACC0002089,SYF_PAYPAL,Nearprime,2024-01-01,deceased,491.36,33,594,101.09,2024-03-31,legal,58.9,2025-04-25,self_cure,84.18,2025-05-25,self_cure,244.17,247.19,0.4969
CO0000291,ACC0002092,SYF_LOWES,Subprime,2022-04-01,deceased,535.78,7,458,104.53,2023-12-22,self_cure,18.27,2023-05-26,internal_collections,,,,122.8,412.98,0.2292
CO0000292,ACC0002097,SYF_CARECREDIT,Subprime,2024-12-01,settlement,684.0,38,487,,,,,,,,,,0.0,684.0,0.0
CO0000293,ACC0002101,SYF_ROOMS2GO,Nearprime,2023-06-01,bankruptcy,972.89,15,526,169.25,2023-11-28,self_cure,,,,,,,169.25,803.64,0.174
CO0000294,ACC0002105,SYF_PAYPAL,Prime,2024-07-01,deceased,344.16,12,651,17.56,2025-06-26,legal,,,,,,,17.56,326.6,0.051
CO0000295,ACC0002119,SYF_ASHLEY,Nearprime,2022-10-01,deceased,2223.0,6,583,188.15,2024-03-24,debt_sale,,,,,,,188.15,2034.85,0.0846
CO0000296,ACC0002127,SYF_ROOMS2GO,Subprime,2024-10-01,deceased,1186.88,13,406,204.99,2024-11-30,third_party_agency,,,,,,,204.99,981.89,0.1727
CO0000297,ACC0002134,SYF_ASHLEY,Subprime,2024-06-01,settlement,684.0,25,458,,,,,,,,,,0.0,684.0,0.0
CO0000298,ACC0002138,SYF_GUITARCTR,Nearprime,2024-01-01,bankruptcy,866.6,6,568,165.14,2024-05-30,third_party_agency,157.98,2025-11-21,self_cure,,,,323.12,543.48,0.3729
CO0000299,ACC0002145,SYF_WALMART,Prime,2023-10-01,nonpayment,512.47,21,632,123.56,2024-07-27,third_party_agency,,,,,,,123.56,388.91,0.2411
CO0000300,ACC0002168,SYF_BPGASCAR,Nearprime,2022-10-01,bankruptcy,326.9,18,545,,,,,,,,,,0.0,326.9,0.0
CO0000301,ACC0002176,SYF_ROOMS2GO,Subprime,2024-01-01,nonpayment,541.5,10,463,36.83,2024-03-31,legal,123.95,2024-07-29,third_party_agency,100.93,2024-07-29,debt_sale,261.71,279.79,0.4833
CO0000302,ACC0002178,SYF_ROOMS2GO,Nearprime,2024-05-01,deceased,1424.78,20,526,257.38,2024-10-28,internal_collections,346.96,2025-09-23,debt_sale,72.55,2024-07-30,self_cure,676.89,747.89,0.4751
CO0000303,ACC0002179,SYF_ROOMS2GO,Nearprime,2023-05-01,settlement,2527.0,8,497,559.53,2024-06-24,debt_sale,,,,,,,559.53,1967.47,0.2214
CO0000304,ACC0002181,SYF_WALMART,Subprime,2024-04-01,nonpayment,197.88,6,439,38.82,2025-03-27,internal_collections,21.83,2024-09-28,legal,,,,60.65,137.23,0.3065
CO0000305,ACC0002182,SYF_GUITARCTR,Subprime,2023-12-01,nonpayment,513.0,30,388,37.69,2024-02-29,legal,120.96,2025-09-21,debt_sale,,,,158.65,354.35,0.3093
CO0000306,ACC0002185,SYF_SAMSCLUB,Subprime,2024-10-01,deceased,382.33,36,402,,,,,,,,,,0.0,382.33,0.0
CO0000307,ACC0002187,SYF_AMAZON,Subprime,2023-08-01,deceased,797.78,27,488,160.37,2023-09-30,internal_collections,,,,,,,160.37,637.41,0.201
CO0000308,ACC0002191,SYF_LOWES,Nearprime,2024-03-01,settlement,551.45,14,514,15.41,2025-07-24,debt_sale,,,,,,,15.41,536.04,0.0279
CO0000309,ACC0002194,SYF_PAYPAL,Subprime,2024-07-01,settlement,353.78,18,399,,,,,,,,,,0.0,353.78,0.0
CO0000310,ACC0002199,SYF_GUITARCTR,Subprime,2024-01-01,bankruptcy,243.67,13,410,42.17,2025-10-22,third_party_agency,,,,,,,42.17,201.5,0.1731
CO0000311,ACC0002200,SYF_LOWES,Subprime,2024-05-01,nonpayment,475.0,8,390,34.94,2025-02-25,internal_collections,39.81,2024-08-29,self_cure,101.38,2024-06-30,legal,176.13,298.87,0.3708
CO0000312,ACC0002204,SYF_AMAZON,Nearprime,2023-02-01,deceased,606.22,16,477,97.99,2024-08-24,third_party_agency,50.22,2024-07-25,third_party_agency,58.46,2023-10-29,debt_sale,206.67,399.55,0.3409
CO0000313,ACC0002234,SYF_GUITARCTR,Subprime,2023-10-01,fraud,159.66,12,436,3.24,2024-02-28,internal_collections,,,,,,,3.24,156.42,0.0203
CO0000314,ACC0002247,SYF_CARECREDIT,Subprime,2024-10-01,bankruptcy,950.0,36,490,123.37,2025-03-30,internal_collections,,,,,,,123.37,826.63,0.1299
CO0000315,ACC0002252,SYF_GUITARCTR,Nearprime,2023-11-01,fraud,2166.0,24,503,367.97,2025-05-24,third_party_agency,65.05,2025-08-22,self_cure,425.54,2025-07-23,debt_sale,858.56,1307.44,0.3964
CO0000316,ACC0002256,SYF_ROOMS2GO,Subprime,2023-07-01,fraud,1197.0,22,526,,,,,,,,,,0.0,1197.0,0.0
CO0000317,ACC0002269,SYF_WALMART,Nearprime,2024-03-01,nonpayment,263.36,22,574,30.48,2024-05-30,legal,15.78,2025-07-24,debt_sale,,,,46.26,217.1,0.1757
CO0000318,ACC0002303,SYF_ROOMS2GO,Nearprime,2022-12-01,fraud,2280.0,20,588,106.17,2024-06-23,self_cure,107.38,2023-07-29,legal,431.3,2024-07-23,debt_sale,644.85,1635.15,0.2828
CO0000319,ACC0002308,SYF_SAMSCLUB,Nearprime,2022-02-01,bankruptcy,698.58,8,601,87.69,2022-12-28,internal_collections,133.65,2022-04-02,third_party_agency,,,,221.34,477.24,0.3168
CO0000320,ACC0002316,SYF_ASHLEY,Nearprime,2023-11-01,settlement,931.0,8,494,148.86,2024-04-29,debt_sale,60.73,2025-05-24,third_party_agency,31.41,2024-02-29,internal_collections,241.0,690.0,0.2589
CO0000321,ACC0002319,SYF_ROOMS2GO,Subprime,2024-04-01,nonpayment,372.4,21,438,30.56,2025-01-26,internal_collections,,,,,,,30.56,341.84,0.0821
CO0000322,ACC0002322,SYF_WALMART,Nearprime,2023-06-01,fraud,326.11,28,516,19.25,2023-10-29,internal_collections,54.43,2024-01-27,third_party_agency,,,,73.68,252.43,0.2259
CO0000323,ACC0002342,SYF_LOWES,Nearprime,2023-02-01,deceased,1595.5,22,546,,,,,,,,,,0.0,1595.5,0.0
CO0000324,ACC0002347,SYF_ROOMS2GO,Subprime,2024-04-01,fraud,722.0,21,488,22.85,2025-06-25,third_party_agency,102.42,2024-05-01,internal_collections,,,,125.27,596.73,0.1735
CO0000325,ACC0002355,SYF_WALMART,Nearprime,2024-03-01,bankruptcy,441.47,15,500,,,,,,,,,,0.0,441.47,0.0
CO0000326,ACC0002356,SYF_ASHLEY,Nearprime,2024-09-01,deceased,2470.0,10,599,,,,,,,,,,0.0,2470.0,0.0
CO0000327,ACC0002373,SYF_ASHLEY,Subprime,2022-04-01,bankruptcy,1083.0,3,452,185.6,2023-11-22,debt_sale,,,,,,,185.6,897.4,0.1714
CO0000328,ACC0002377,SYF_CARECREDIT,Subprime,2023-03-01,fraud,890.72,10,425,139.48,2024-05-24,self_cure,70.36,2023-06-29,legal,55.23,2024-09-21,legal,265.07,625.65,0.2976
CO0000329,ACC0002387,SYF_PAYPAL,Nearprime,2023-12-01,bankruptcy,217.08,28,520,52.63,2024-06-28,legal,17.65,2025-03-25,self_cure,11.34,2024-08-27,self_cure,81.62,135.46,0.376
CO0000330,ACC0002407,SYF_CARECREDIT,Nearprime,2024-12-01,nonpayment,1805.0,20,461,299.26,2025-06-29,debt_sale,,,,,,,299.26,1505.74,0.1658
CO0000331,ACC0002408,SYF_AMAZON,Prime,2024-09-01,nonpayment,712.36,28,671,100.82,2025-07-28,self_cure,19.08,2025-08-27,debt_sale,,,,119.9,592.46,0.1683
CO0000332,ACC0002410,SYF_GUITARCTR,Prime,2024-04-01,fraud,683.32,26,617,33.47,2025-11-22,third_party_agency,,,,,,,33.47,649.85,0.049
CO0000333,ACC0002419,SYF_PAYPAL,Subprime,2023-12-01,nonpayment,286.12,13,485,,,,,,,,,,0.0,286.12,0.0
CO0000334,ACC0002420,SYF_ROOMS2GO,Nearprime,2024-08-01,settlement,1503.56,38,533,,,,,,,,,,0.0,1503.56,0.0
CO0000335,ACC0002422,SYF_BPGASCAR,Subprime,2022-11-01,fraud,328.35,16,415,18.6,2023-10-27,internal_collections,,,,,,,18.6,309.75,0.0566
CO0000336,ACC0002437,SYF_LOWES,Subprime,2023-08-01,bankruptcy,812.25,30,530,45.11,2024-10-24,debt_sale,197.97,2023-09-30,self_cure,,,,243.08,569.17,0.2993
CO0000337,ACC0002442,SYF_ASHLEY,Subprime,2022-02-01,nonpayment,1111.5,12,480,,,,,,,,,,0.0,1111.5,0.0
CO0000338,ACC0002444,SYF_WALMART,Prime,2023-03-01,bankruptcy,587.0,15,626,111.95,2023-08-28,third_party_agency,48.8,2024-07-23,debt_sale,,,,160.75,426.25,0.2738
CO0000339,ACC0002446,SYF_WALMART,Prime,2024-05-01,nonpayment,407.61,15,575,,,,,,,,,,0.0,407.61,0.0
CO0000340,ACC0002447,SYF_CARECREDIT,Subprime,2024-06-01,bankruptcy,796.0,19,516,,,,,,,,,,0.0,796.0,0.0
CO0000341,ACC0002457,SYF_CARECREDIT,Subprime,2024-02-01,fraud,380.0,11,510,76.56,2025-03-27,internal_collections,,,,,,,76.56,303.44,0.2015
CO0000342,ACC0002466,SYF_WALMART,Subprime,2024-05-01,settlement,412.5,36,500,,,,,,,,,,0.0,412.5,0.0
CO0000343,ACC0002482,SYF_WALMART,Subprime,2023-07-01,fraud,202.56,10,409,,,,,,,,,,0.0,202.56,0.0
CO0000344,ACC0002490,SYF_SAMSCLUB,Subprime,2024-12-01,deceased,1109.88,16,397,62.77,2025-04-30,internal_collections,,,,,,,62.77,1047.11,0.0566
CO0000345,ACC0002492,SYF_LOWES,Prime,2023-04-01,nonpayment,809.04,10,579,172.78,2023-10-28,debt_sale,31.89,2023-05-31,internal_collections,112.65,2024-06-24,legal,317.32,491.72,0.3922
CO0000346,ACC0002499,SYF_LOWES,Nearprime,2024-03-01,bankruptcy,1579.92,25,492,,,,,,,,,,0.0,1579.92,0.0
CO0000347,ACC0002502,SYF_GUITARCTR,Superprime,2024-12-01,deceased,412.89,42,703,101.54,2025-03-01,third_party_agency,,,,,,,101.54,311.35,0.2459
CO0000348,ACC0002508,SYF_ASHLEY,Nearprime,2024-08-01,deceased,1326.57,6,486,93.53,2025-08-26,internal_collections,323.33,2025-08-26,third_party_agency,,,,416.86,909.71,0.3142
CO0000349,ACC0002517,SYF_LOWES,Nearprime,2023-09-01,nonpayment,1201.48,31,565,,,,,,,,,,0.0,1201.48,0.0
CO0000350,ACC0002520,SYF_ASHLEY,Nearprime,2024-01-01,nonpayment,2137.5,14,584,,,,,,,,,,0.0,2137.5,0.0
CO0000351,ACC0002523,SYF_LOWES,Subprime,2022-05-01,deceased,992.75,10,533,,,,,,,,,,0.0,992.75,0.0
CO0000352,ACC0002526,SYF_ASHLEY,Subprime,2022-10-01,fraud,279.3,20,467,66.01,2023-03-30,third_party_agency,39.55,2024-01-24,legal,25.96,2023-02-28,internal_collections,131.52,147.78,0.4709
CO0000353,ACC0002528,SYF_GUITARCTR,Subprime,2024-03-01,bankruptcy,950.0,20,402,,,,,,,,,,0.0,950.0,0.0
CO0000354,ACC0002535,SYF_LOWES,Prime,2022-11-01,bankruptcy,1125.94,15,647,238.62,2024-04-24,self_cure,45.41,2023-03-31,third_party_agency,160.03,2023-12-26,internal_collections,444.06,681.88,0.3944
CO0000355,ACC0002536,SYF_ASHLEY,Subprime,2024-06-01,settlement,1210.3,14,526,31.23,2024-07-01,internal_collections,,,,,,,31.23,1179.07,0.0258
CO0000356,ACC0002544,SYF_CARECREDIT,Subprime,2022-02-01,nonpayment,744.8,10,481,46.85,2022-07-31,third_party_agency,49.65,2022-09-29,legal,,,,96.5,648.3,0.1296
CO0000357,ACC0002558,SYF_SAMSCLUB,Nearprime,2024-07-01,settlement,690.68,29,576,,,,,,,,,,0.0,690.68,0.0
CO0000358,ACC0002567,SYF_ROOMS2GO,Nearprime,2024-08-01,nonpayment,1140.0,14,592,43.92,2025-02-27,internal_collections,181.94,2025-12-24,internal_collections,,,,225.86,914.14,0.1981
CO0000359,ACC0002569,SYF_WALMART,Prime,2022-04-01,fraud,340.34,10,593,74.32,2022-07-30,debt_sale,80.45,2023-06-25,self_cure,,,,154.77,185.57,0.4547
CO0000360,ACC0002575,SYF_WALMART,Prime,2023-10-01,deceased,321.92,13,619,,,,,,,,,,0.0,321.92,0.0
CO0000361,ACC0002576,SYF_BPGASCAR,Nearprime,2023-01-01,bankruptcy,835.65,14,527,,,,,,,,,,0.0,835.65,0.0
CO0000362,ACC0002577,SYF_WALMART,Prime,2024-05-01,fraud,285.94,7,614,,,,,,,,,,0.0,285.94,0.0
CO0000363,ACC0002585,SYF_ASHLEY,Nearprime,2023-12-01,deceased,2047.34,30,516,,,,,,,,,,0.0,2047.34,0.0
CO0000364,ACC0002613,SYF_ROOMS2GO,Nearprime,2022-01-01,fraud,3351.6,11,577,515.8,2022-10-28,legal,649.19,2022-07-30,legal,,,,1164.99,2186.61,0.3476
CO0000365,ACC0002617,SYF_ROOMS2GO,Prime,2023-02-01,settlement,3880.75,23,587,,,,,,,,,,0.0,3880.75,0.0
CO0000366,ACC0002620,SYF_ASHLEY,Nearprime,2023-06-01,fraud,1789.13,20,477,397.8,2023-09-29,debt_sale,156.74,2023-09-29,legal,,,,554.54,1234.59,0.3099
CO0000367,ACC0002628,SYF_BPGASCAR,Prime,2023-08-01,settlement,279.62,19,556,67.27,2025-03-23,self_cure,63.3,2025-01-22,debt_sale,,,,130.57,149.05,0.467
CO0000368,ACC0002637,SYF_GUITARCTR,Nearprime,2024-10-01,settlement,1330.0,16,509,280.86,2025-05-29,internal_collections,179.65,2025-04-29,debt_sale,272.42,2025-08-27,debt_sale,732.93,597.07,0.5511
CO0000369,ACC0002661,SYF_GUITARCTR,Superprime,2022-12-01,deceased,1231.68,22,715,159.07,2023-06-29,self_cure,88.33,2024-05-24,internal_collections,217.72,2023-08-28,self_cure,465.12,766.56,0.3776
CO0000370,ACC0002662,SYF_BPGASCAR,Subprime,2023-12-01,fraud,377.41,16,484,,,,,,,,,,0.0,377.41,0.0
CO0000371,ACC0002663,SYF_ROOMS2GO,Subprime,2023-08-01,settlement,902.5,24,445,160.89,2024-06-26,self_cure,181.17,2024-04-27,debt_sale,,,,342.06,560.44,0.379
CO0000372,ACC0002664,SYF_ROOMS2GO,Nearprime,2024-07-01,nonpayment,1453.5,10,447,336.68,2025-07-26,debt_sale,128.33,2025-07-26,debt_sale,,,,465.01,988.49,0.3199
CO0000373,ACC0002667,SYF_LOWES,Subprime,2024-06-01,deceased,675.74,37,533,140.44,2025-11-23,debt_sale,125.1,2024-10-29,self_cure,,,,265.54,410.2,0.393
CO0000374,ACC0002675,SYF_LOWES,Prime,2023-07-01,nonpayment,1414.57,22,553,317.05,2023-09-29,internal_collections,,,,,,,317.05,1097.52,0.2241
CO0000375,ACC0002679,SYF_AMAZON,Nearprime,2024-01-01,fraud,496.28,7,518,94.96,2024-04-30,debt_sale,53.65,2024-12-26,self_cure,13.36,2025-07-24,debt_sale,161.97,334.31,0.3264
CO0000376,ACC0002691,SYF_ASHLEY,Prime,2023-08-01,settlement,5130.0,10,532,1141.72,2024-04-27,legal,,,,,,,1141.72,3988.28,0.2226
CO0000377,ACC0002698,SYF_WALMART,Nearprime,2022-06-01,settlement,166.63,4,451,,,,,,,,,,0.0,166.63,0.0
CO0000378,ACC0002700,SYF_AMAZON,Nearprime,2024-11-01,nonpayment,407.97,9,501,,,,,,,,,,0.0,407.97,0.0
CO0000379,ACC0002701,SYF_LOWES,Subprime,2024-10-01,fraud,902.81,14,443,144.34,2024-12-30,self_cure,,,,,,,144.34,758.47,0.1599
CO0000380,ACC0002702,SYF_ASHLEY,Prime,2024-11-01,fraud,5108.53,42,506,396.06,2025-06-29,debt_sale,,,,,,,396.06,4712.47,0.0775
CO0000381,ACC0002712,SYF_PAYPAL,Subprime,2021-09-01,settlement,410.4,7,518,23.71,2022-05-29,self_cure,10.98,2022-03-30,legal,,,,34.69,375.71,0.0845
CO0000382,ACC0002715,SYF_ASHLEY,Nearprime,2024-10-01,fraud,3249.0,24,463,694.93,2025-07-28,internal_collections,87.9,2025-03-30,debt_sale,,,,782.83,2466.17,0.2409
CO0000383,ACC0002725,SYF_ASHLEY,Nearprime,2022-06-01,fraud,1710.0,15,515,402.25,2023-07-26,debt_sale,382.63,2023-07-26,third_party_agency,248.45,2022-07-31,legal,1033.33,676.67,0.6043
CO0000384,ACC0002749,SYF_AMAZON,Subprime,2024-04-01,bankruptcy,599.45,32,410,83.09,2024-08-29,legal,130.63,2024-12-27,third_party_agency,,,,213.72,385.73,0.3565
CO0000385,ACC0002752,SYF_GUITARCTR,Prime,2024-10-01,fraud,2943.6,29,591,,,,,,,,,,0.0,2943.6,0.0
CO0000386,ACC0002758,SYF_AMAZON,Nearprime,2024-01-01,deceased,176.68,11,570,26.51,2025-01-25,self_cure,21.04,2025-01-25,third_party_agency,31.93,2025-01-25,debt_sale,79.48,97.2,0.4499
CO0000387,ACC0002762,SYF_WALMART,Subprime,2022-11-01,fraud,419.61,21,428,83.29,2024-02-24,debt_sale,,,,,,,83.29,336.32,0.1985
CO0000388,ACC0002766,SYF_CARECREDIT,Nearprime,2024-07-01,nonpayment,3157.25,27,492,562.87,2025-07-26,legal,,,,,,,562.87,2594.38,0.1783
CO0000389,ACC0002767,SYF_GUITARCTR,Nearprime,2024-02-01,deceased,2739.5,15,579,499.99,2024-09-28,debt_sale,620.03,2025-07-25,internal_collections,673.38,2025-08-24,self_cure,1793.4,946.1,0.6546
CO0000390,ACC0002768,SYF_SAMSCLUB,Nearprime,2023-08-01,deceased,286.3,25,543,27.69,2023-11-29,self_cure,42.76,2023-11-29,self_cure,,,,70.45,215.85,0.2461
CO0000391,ACC0002774,SYF_ROOMS2GO,Nearprime,2022-02-01,deceased,2617.09,12,547,68.58,2023-05-27,legal,111.33,2022-12-28,debt_sale,,,,179.91,2437.18,0.0687
CO0000392,ACC0002779,SYF_CARECREDIT,Nearprime,2024-09-01,deceased,1927.48,28,551,386.0,2024-10-01,legal,,,,,,,386.0,1541.48,0.2003
CO0000393,ACC0002781,SYF_LOWES,Subprime,2023-04-01,nonpayment,651.7,9,406,27.38,2024-02-25,internal_collections,150.8,2024-11-21,self_cure,159.55,2025-02-19,internal_collections,337.73,313.97,0.5182
CO0000394,ACC0002786,SYF_ROOMS2GO,Nearprime,2024-07-01,nonpayment,1368.0,42,588,263.1,2024-08-30,self_cure,219.46,2025-09-24,third_party_agency,278.34,2025-07-26,legal,760.9,607.1,0.5562
CO0000395,ACC0002787,SYF_GUITARCTR,Subprime,2024-12-01,nonpayment,1122.18,7,484,,,,,,,,,,0.0,1122.18,0.0
CO0000396,ACC0002803,SYF_CARECREDIT,Subprime,2023-06-01,fraud,1111.5,4,418,265.36,2024-01-27,third_party_agency,38.12,2024-09-23,legal,127.36,2024-04-26,third_party_agency,430.84,680.66,0.3876
CO0000397,ACC0002806,SYF_BPGASCAR,Nearprime,2023-03-01,bankruptcy,227.16,24,526,7.68,2023-06-29,self_cure,,,,,,,7.68,219.48,0.0338
CO0000398,ACC0002809,SYF_PAYPAL,Subprime,2024-06-01,deceased,643.2,33,530,,,,,,,,,,0.0,643.2,0.0
CO0000399,ACC0002814,SYF_GUITARCTR,Subprime,2022-08-01,settlement,465.5,8,487,67.03,2022-10-30,debt_sale,102.57,2023-06-27,self_cure,,,,169.6,295.9,0.3643
CO0000400,ACC0002819,SYF_LOWES,Subprime,2023-03-01,nonpayment,972.85,20,392,,,,,,,,,,0.0,972.85,0.0
CO0000401,ACC0002822,SYF_BPGASCAR,Prime,2022-10-01,fraud,67.27,5,584,,,,,,,,,,0.0,67.27,0.0
CO0000402,ACC0002823,SYF_ROOMS2GO,Nearprime,2024-01-01,settlement,3165.4,17,462,142.55,2024-10-27,self_cure,635.5,2024-01-31,internal_collections,,,,778.05,2387.35,0.2458
CO0000403,ACC0002825,SYF_WALMART,Nearprime,2024-10-01,settlement,72.57,9,445,,,,,,,,,,0.0,72.57,0.0
CO0000404,ACC0002834,SYF_LOWES,Subprime,2024-04-01,settlement,560.76,8,374,,,,,,,,,,0.0,560.76,0.0
CO0000405,ACC0002840,SYF_ROOMS2GO,Prime,2024-12-01,fraud,2308.5,15,523,,,,,,,,,,0.0,2308.5,0.0
CO0000406,ACC0002848,SYF_ASHLEY,Nearprime,2023-03-01,settlement,2695.32,24,523,,,,,,,,,,0.0,2695.32,0.0
CO0000407,ACC0002852,SYF_PAYPAL,Nearprime,2021-11-01,deceased,457.39,7,553,,,,,,,,,,0.0,457.39,0.0
CO0000408,ACC0002855,SYF_WALMART,Nearprime,2024-09-01,settlement,69.04,31,500,9.81,2025-12-25,internal_collections,1.42,2025-02-28,self_cure,,,,11.23,57.81,0.1627
CO0000409,ACC0002857,SYF_WALMART,Nearprime,2024-09-01,settlement,466.87,14,590,55.87,2025-07-28,internal_collections,,,,,,,55.87,411.0,0.1197
CO0000410,ACC0002860,SYF_ASHLEY,Nearprime,2024-06-01,settlement,1083.0,7,524,239.42,2025-08-25,debt_sale,29.84,2025-09-24,third_party_agency,,,,269.26,813.74,0.2486
CO0000411,ACC0002876,SYF_ASHLEY,Subprime,2023-02-01,nonpayment,598.5,11,503,26.03,2024-11-22,internal_collections,36.36,2023-10-29,third_party_agency,,,,62.39,536.11,0.1042
CO0000412,ACC0002898,SYF_CARECREDIT,Subprime,2023-12-01,settlement,707.56,16,413,102.46,2024-05-29,third_party_agency,175.34,2024-01-30,third_party_agency,,,,277.8,429.76,0.3926
CO0000413,ACC0002900,SYF_SAMSCLUB,Prime,2023-07-01,bankruptcy,441.14,20,597,,,,,,,,,,0.0,441.14,0.0
CO0000414,ACC0002926,SYF_AMAZON,Prime,2024-04-01,bankruptcy,132.79,16,648,10.77,2025-10-23,legal,29.08,2025-06-25,self_cure,32.48,2024-05-01,internal_collections,72.33,60.46,0.5447
CO0000415,ACC0002940,SYF_WALMART,Nearprime,2023-12-01,bankruptcy,316.46,25,591,28.58,2025-01-24,internal_collections,7.15,2025-02-23,debt_sale,66.06,2025-01-24,legal,101.79,214.67,0.3217
CO0000416,ACC0002944,SYF_LOWES,Prime,2024-11-01,settlement,0.0,29,695,,,,,,,,,,0.0,0.0,0.0
CO0000417,ACC0002953,SYF_SAMSCLUB,Prime,2024-01-01,deceased,182.3,4,627,,,,,,,,,,0.0,182.3,0.0
CO0000418,ACC0002966,SYF_LOWES,Subprime,2023-08-01,nonpayment,651.7,28,453,71.12,2024-10-24,internal_collections,141.45,2023-12-29,third_party_agency,89.76,2024-12-23,debt_sale,302.33,349.37,0.4639
CO0000419,ACC0002969,SYF_ROOMS2GO,Subprime,2024-10-01,fraud,1263.5,6,477,,,,,,,,,,0.0,1263.5,0.0
CO0000420,ACC0002974,SYF_ROOMS2GO,Nearprime,2024-08-01,settlement,1985.5,30,492,,,,,,,,,,0.0,1985.5,0.0
CO0000421,ACC0002978,SYF_WALMART,Prime,2023-12-01,fraud,313.22,30,613,63.62,2025-04-24,third_party_agency,23.56,2025-07-23,internal_collections,40.61,2025-06-23,legal,127.79,185.43,0.408
CO0000422,ACC0002981,SYF_CARECREDIT,Nearprime,2024-08-01,settlement,1140.0,15,574,242.97,2025-04-28,debt_sale,131.87,2025-07-27,third_party_agency,179.15,2024-08-31,self_cure,553.99,586.01,0.486
CO0000423,ACC0002983,SYF_ASHLEY,Subprime,2024-08-01,bankruptcy,837.9,31,470,100.85,2025-08-26,third_party_agency,,,,,,,100.85,737.05,0.1204
CO0000424,ACC0002984,SYF_ASHLEY,Prime,2023-02-01,settlement,3951.33,24,609,,,,,,,,,,0.0,3951.33,0.0
CO0000425,ACC0002986,SYF_WALMART,Nearprime,2023-12-01,fraud,527.5,11,550,77.08,2024-08-27,self_cure,,,,,,,77.08,450.42,0.1461
CO0000426,ACC0002992,SYF_ROOMS2GO,Nearprime,2022-06-01,fraud,2173.62,5,497,371.01,2022-10-29,third_party_agency,428.32,2023-02-26,third_party_agency,,,,799.33,1374.29,0.3677
CO0000427,ACC0002995,SYF_BPGASCAR,Nearprime,2022-02-01,bankruptcy,118.65,8,557,18.7,2023-12-23,self_cure,,,,,,,18.7,99.95,0.1576
CO0000428,ACC0002998,SYF_AMAZON,Prime,2023-07-01,fraud,618.79,24,603,,,,,,,,,,0.0,618.79,0.0
CO0000429,ACC0003000,SYF_ASHLEY,Nearprime,2024-07-01,nonpayment,1190.53,25,539,195.84,2025-06-26,legal,214.76,2024-07-31,self_cure,,,,410.6,779.93,0.3449
CO0000430,ACC0003010,SYF_WALMART,Subprime,2023-02-01,bankruptcy,409.14,23,521,,,,,,,,,,0.0,409.14,0.0
CO0000431,ACC0003028,SYF_BPGASCAR,Subprime,2023-06-01,deceased,295.04,13,485,59.25,2024-10-23,legal,69.67,2023-10-29,debt_sale,56.55,2024-01-27,debt_sale,185.47,109.57,0.6286
CO0000432,ACC0003030,SYF_CARECREDIT,Nearprime,2024-06-01,bankruptcy,1895.25,19,473,72.28,2024-07-31,internal_collections,208.04,2025-11-23,debt_sale,,,,280.32,1614.93,0.1479
CO0000433,ACC0003038,SYF_PAYPAL,Nearprime,2024-08-01,deceased,578.52,10,463,,,,,,,,,,0.0,578.52,0.0
CO0000434,ACC0003046,SYF_WALMART,Subprime,2023-07-01,fraud,553.95,20,467,57.41,2025-03-22,self_cure,,,,,,,57.41,496.54,0.1036
CO0000435,ACC0003052,SYF_LOWES,Superprime,2023-04-01,deceased,1370.75,14,717,193.3,2023-09-28,third_party_agency,,,,,,,193.3,1177.45,0.141
CO0000436,ACC0003057,SYF_BPGASCAR,Subprime,2024-05-01,settlement,224.76,33,422,29.29,2025-07-25,third_party_agency,23.89,2025-04-26,debt_sale,13.09,2024-08-29,internal_collections,66.27,158.49,0.2948
CO0000437,ACC0003059,SYF_ROOMS2GO,Subprime,2024-10-01,nonpayment,1186.09,18,483,252.83,2025-08-27,self_cure,,,,,,,252.83,933.26,0.2132
CO0000438,ACC0003063,SYF_LOWES,Nearprime,2024-02-01,settlement,1503.91,18,486,79.66,2025-09-23,legal,32.81,2024-06-30,third_party_agency,,,,112.47,1391.44,0.0748
CO0000439,ACC0003079,SYF_PAYPAL,Subprime,2023-10-01,bankruptcy,148.35,9,510,23.67,2024-06-27,self_cure,12.97,2023-11-30,debt_sale,6.82,2023-11-30,third_party_agency,43.46,104.89,0.293
CO0000440,ACC0003087,SYF_ASHLEY,Nearprime,2022-09-01,nonpayment,1368.0,12,533,252.3,2024-01-24,third_party_agency,,,,,,,252.3,1115.7,0.1844
CO0000441,ACC0003114,SYF_GUITARCTR,Nearprime,2024-11-01,bankruptcy,1908.79,16,459,,,,,,,,,,0.0,1908.79,0.0
CO0000442,ACC0003115,SYF_ASHLEY,Nearprime,2022-04-01,fraud,1396.5,15,565,87.46,2022-05-01,internal_collections,235.87,2023-10-23,internal_collections,,,,323.33,1073.17,0.2315
CO0000443,ACC0003119,SYF_LOWES,Subprime,2023-05-01,deceased,599.56,11,475,113.96,2023-09-28,self_cure,25.0,2024-01-26,self_cure,,,,138.96,460.6,0.2318
CO0000444,ACC0003121,SYF_ASHLEY,Nearprime,2022-02-01,fraud,947.28,3,542,,,,,,,,,,0.0,947.28,0.0
CO0000445,ACC0003131,SYF_GUITARCTR,Prime,2024-03-01,nonpayment,1813.75,35,614,437.96,2025-06-24,third_party_agency,74.26,2024-08-28,debt_sale,397.53,2024-05-30,internal_collections,909.75,904.0,0.5016
CO0000446,ACC0003132,SYF_BPGASCAR,Subprime,2024-06-01,deceased,244.41,31,435,54.52,2025-01-27,third_party_agency,,,,,,,54.52,189.89,0.2231
CO0000447,ACC0003146,SYF_ASHLEY,Prime,2022-05-01,settlement,2100.57,15,626,,,,,,,,,,0.0,2100.57,0.0
CO0000448,ACC0003153,SYF_ROOMS2GO,Prime,2023-11-01,deceased,2770.59,32,548,378.36,2024-01-30,legal,,,,,,,378.36,2392.23,0.1366
CO0000449,ACC0003160,SYF_ASHLEY,Nearprime,2022-06-01,deceased,1396.5,8,560,,,,,,,,,,0.0,1396.5,0.0
CO0000450,ACC0003166,SYF_CARECREDIT,Nearprime,2024-02-01,nonpayment,2850.0,29,483,,,,,,,,,,0.0,2850.0,0.0
CO0000451,ACC0003184,SYF_AMAZON,Nearprime,2023-02-01,nonpayment,294.37,10,525,61.5,2023-07-31,internal_collections,51.11,2024-02-26,self_cure,,,,112.61,181.76,0.3825
CO0000452,ACC0003202,SYF_BPGASCAR,Prime,2022-08-01,nonpayment,302.58,14,605,14.35,2023-03-29,third_party_agency,43.01,2023-05-28,legal,13.96,2023-07-27,legal,71.32,231.26,0.2357
CO0000453,ACC0003208,SYF_SAMSCLUB,Nearprime,2023-08-01,nonpayment,544.63,16,500,,,,,,,,,,0.0,544.63,0.0
CO0000454,ACC0003214,SYF_SAMSCLUB,Prime,2023-02-01,bankruptcy,544.21,16,568,34.59,2023-11-28,debt_sale,124.63,2024-03-27,third_party_agency,,,,159.22,384.99,0.2926
CO0000455,ACC0003218,SYF_AMAZON,Nearprime,2023-06-01,bankruptcy,576.34,27,510,102.45,2023-09-29,third_party_agency,,,,,,,102.45,473.89,0.1778
CO0000456,ACC0003231,SYF_LOWES,Prime,2023-10-01,deceased,1115.57,32,627,,,,,,,,,,0.0,1115.57,0.0
CO0000457,ACC0003235,SYF_LOWES,Nearprime,2024-08-01,bankruptcy,1555.74,34,501,114.73,2024-12-29,internal_collections,124.74,2025-08-26,debt_sale,,,,239.47,1316.27,0.1539
CO0000458,ACC0003238,SYF_LOWES,Nearprime,2023-11-01,deceased,1215.7,19,513,208.02,2025-07-23,internal_collections,264.26,2024-04-29,self_cure,,,,472.28,743.42,0.3885
CO0000459,ACC0003248,SYF_WALMART,Nearprime,2022-03-01,bankruptcy,213.04,8,496,41.2,2023-03-26,third_party_agency,25.07,2022-06-29,internal_collections,,,,66.27,146.77,0.3111
CO0000460,ACC0003257,SYF_WALMART,Subprime,2022-12-01,deceased,175.35,9,447,16.84,2023-05-30,self_cure,,,,,,,16.84,158.51,0.096
CO0000461,ACC0003258,SYF_CARECREDIT,Prime,2024-10-01,fraud,2281.12,43,631,195.44,2025-02-28,debt_sale,,,,,,,195.44,2085.68,0.0857
CO0000462,ACC0003276,SYF_SAMSCLUB,Nearprime,2024-06-01,bankruptcy,336.75,40,507,29.31,2025-06-26,internal_collections,,,,,,,29.31,307.44,0.087
CO0000463,ACC0003277,SYF_CARECREDIT,Subprime,2024-04-01,deceased,427.5,30,465,23.14,2024-06-30,debt_sale,36.67,2025-12-22,self_cure,,,,59.81,367.69,0.1399
CO0000464,ACC0003286,SYF_WALMART,Nearprime,2022-12-01,fraud,238.94,8,557,,,,,,,,,,0.0,238.94,0.0
CO0000465,ACC0003299,SYF_BPGASCAR,Subprime,2024-07-01,bankruptcy,296.96,6,494,74.1,2024-07-31,legal,73.67,2025-04-27,internal_collections,,,,147.77,149.19,0.4976
CO0000466,ACC0003315,SYF_PAYPAL,Nearprime,2023-12-01,bankruptcy,456.45,19,562,16.88,2025-03-25,debt_sale,41.69,2024-08-27,debt_sale,,,,58.57,397.88,0.1283
CO0000467,ACC0003317,SYF_SAMSCLUB,Subprime,2024-08-01,settlement,449.97,37,471,23.07,2025-02-27,internal_collections,,,,,,,23.07,426.9,0.0513
CO0000468,ACC0003320,SYF_PAYPAL,Nearprime,2023-03-01,bankruptcy,449.7,7,566,79.19,2023-06-29,third_party_agency,75.47,2024-11-20,debt_sale,,,,154.66,295.04,0.3439
CO0000469,ACC0003321,SYF_CARECREDIT,Nearprime,2023-08-01,nonpayment,1567.33,24,535,259.86,2025-02-21,third_party_agency,261.31,2025-04-22,debt_sale,199.29,2023-10-30,self_cure,720.46,846.87,0.4597
CO0000470,ACC0003330,SYF_ASHLEY,Prime,2024-12-01,deceased,2571.73,36,565,71.7,2025-07-29,debt_sale,134.91,2025-09-27,self_cure,,,,206.61,2365.12,0.0803
CO0000471,ACC0003334,SYF_ROOMS2GO,Prime,2024-12-01,fraud,5646.87,17,564,991.21,2025-12-26,internal_collections,353.74,2025-08-28,self_cure,,,,1344.95,4301.92,0.2382
CO0000472,ACC0003348,SYF_BPGASCAR,Prime,2022-08-01,nonpayment,101.98,16,636,,,,,,,,,,0.0,101.98,0.0
CO0000473,ACC0003358,SYF_PAYPAL,Subprime,2024-02-01,fraud,457.11,14,383,10.88,2024-07-30,internal_collections,64.01,2025-10-23,debt_sale,86.98,2024-05-01,third_party_agency,161.87,295.24,0.3541
CO0000474,ACC0003359,SYF_GUITARCTR,Prime,2023-07-01,bankruptcy,1986.34,15,648,334.64,2025-03-22,legal,,,,,,,334.64,1651.7,0.1685
CO0000475,ACC0003364,SYF_ROOMS2GO,Subprime,2022-12-01,deceased,1140.0,16,370,221.28,2024-08-22,third_party_agency,59.66,2023-11-26,legal,,,,280.94,859.06,0.2464
CO0000476,ACC0003366,SYF_GUITARCTR,Subprime,2023-05-01,fraud,279.3,23,415,59.07,2025-02-19,self_cure,22.05,2023-07-30,internal_collections,,,,81.12,198.18,0.2904
CO0000477,ACC0003376,SYF_BPGASCAR,Nearprime,2024-09-01,deceased,708.58,42,592,74.38,2024-12-30,legal,,,,,,,74.38,634.2,0.105
CO0000478,ACC0003394,SYF_AMAZON,Prime,2023-02-01,settlement,467.55,24,574,99.63,2023-06-01,legal,110.15,2024-01-27,internal_collections,75.94,2024-08-24,legal,285.72,181.83,0.6111
CO0000479,ACC0003398,SYF_BPGASCAR,Nearprime,2024-04-01,nonpayment,372.14,32,462,,,,,,,,,,0.0,372.14,0.0
CO0000480,ACC0003408,SYF_AMAZON,Subprime,2024-12-01,deceased,1149.05,47,430,,,,,,,,,,0.0,1149.05,0.0
CO0000481,ACC0003417,SYF_ASHLEY,Nearprime,2023-04-01,fraud,2565.0,11,532,163.11,2024-07-24,self_cure,200.88,2024-08-23,self_cure,487.22,2024-01-26,debt_sale,851.21,1713.79,0.3319
CO0000482,ACC0003421,SYF_LOWES,Prime,2023-09-01,fraud,1120.45,11,587,,,,,,,,,,0.0,1120.45,0.0
CO0000483,ACC0003428,SYF_LOWES,Prime,2024-12-01,deceased,1439.51,24,638,,,,,,,,,,0.0,1439.51,0.0
CO0000484,ACC0003437,SYF_BPGASCAR,Nearprime,2022-07-01,nonpayment,463.32,8,566,102.63,2023-10-24,internal_collections,15.77,2022-07-31,third_party_agency,42.34,2024-01-22,internal_collections,160.74,302.58,0.3469
CO0000485,ACC0003443,SYF_ASHLEY,Nearprime,2024-01-01,settlement,992.75,17,552,,,,,,,,,,0.0,992.75,0.0
CO0000486,ACC0003457,SYF_LOWES,Subprime,2022-11-01,nonpayment,815.88,17,399,137.67,2022-12-01,internal_collections,134.05,2024-07-23,internal_collections,52.01,2023-08-28,internal_collections,323.73,492.15,0.3968
CO0000487,ACC0003459,SYF_ASHLEY,Subprime,2023-07-01,nonpayment,943.62,11,377,62.03,2024-09-23,debt_sale,223.59,2024-03-27,third_party_agency,101.88,2023-11-28,internal_collections,387.5,556.12,0.4107
CO0000488,ACC0003462,SYF_GUITARCTR,Nearprime,2023-07-01,settlement,2051.22,10,605,452.15,2024-07-25,third_party_agency,255.19,2025-01-21,internal_collections,134.61,2024-11-22,third_party_agency,841.95,1209.27,0.4105
CO0000489,ACC0003463,SYF_BPGASCAR,Subprime,2024-09-01,nonpayment,224.77,12,401,8.62,2025-05-29,internal_collections,,,,,,,8.62,216.15,0.0384
CO0000490,ACC0003470,SYF_LOWES,Nearprime,2024-03-01,fraud,799.99,16,489,83.88,2025-05-25,debt_sale,,,,,,,83.88,716.11,0.1049
CO0000491,ACC0003488,SYF_LOWES,Subprime,2024-12-01,deceased,722.0,28,448,,,,,,,,,,0.0,722.0,0.0
CO0000492,ACC0003489,SYF_LOWES,Subprime,2023-08-01,bankruptcy,722.0,27,484,139.76,2025-06-21,legal,31.01,2023-10-30,internal_collections,,,,170.77,551.23,0.2365
CO0000493,ACC0003493,SYF_BPGASCAR,Nearprime,2023-10-01,settlement,154.57,25,586,5.41,2023-10-31,self_cure,11.48,2024-08-26,internal_collections,,,,16.89,137.68,0.1093
CO0000494,ACC0003497,SYF_WALMART,Subprime,2023-07-01,fraud,378.79,23,489,,,,,,,,,,0.0,378.79,0.0
